case,symptoms,inputs,current_level,emergency_path,decision (approve / edit / reject),clinician notes
knee_click_no_pain,طقطقة الركبة,"{""notes"": ""بدون ألم""}",monitor,لا,,
mild_headache,صداع,{},monitor,لا,,
mild_cough,كحة,{},monitor,لا,,
period_nausea,غثيان,"{""notes"": ""مع بداية الدورة الشهرية""}",monitor,لا,,
sore_throat,ألم الحلق,{},monitor,لا,,
fainting,إغماء,"{""severity"": ""4""}",emergency,نعم,,
chest_pain_severe,ألم في الصدر,"{""severity"": ""5"", ""notes"": ""ألم شديد ينتشر للذراع مع تعرق""}",emergency,نعم,,
breathing_difficulty,صعوبة في التنفس,"{""severity"": ""5""}",emergency,نعم,,
breathing_difficulty_4of5,صعوبة في التنفس,"{""severity"": ""4""}",today,لا,,
sudden_weakness_speech,ضعف مفاجئ في جانب واحد,"{""notes"": ""صعوبة في الكلام""}",emergency,نعم,,
suicidal_note,حزن,"{""notes"": ""أفكر أنهي حياتي""}",emergency,نعم,,
child_high_fever,حمى,"{""age"": ""1"", ""severity"": ""4""}",today,لا,,
english_chest_pain,chest pain,"{""severity"": ""5"", ""notes"": ""crushing pain, sweating""}",emergency,نعم,,
