id,category,dialect,text,expected,actual,decision (approve / edit / reject),clinician notes
g001_chest_gulf,chest,gulf,صدري يعورني مرة وايد,طوارئ,طوارئ,,
g002_chest_gulf,chest,gulf,احس بضغط قوي على صدري مثل حجر,طوارئ,طوارئ,,
g003_chest_gulf,chest,gulf,قلبي يوجعني وايد وعرقان,طوارئ,طوارئ,,
g004_chest_gulf,chest,gulf,صدري ينعصر ويده تنمل,طوارئ,طوارئ,,
g005_chest_gulf,chest,gulf,وجع قوي بصدري ما قدرت اتحمله,طوارئ,طوارئ,,
g006_chest_gulf,chest,gulf,في ثقل على صدري ويمتد لفكي,طوارئ,طوارئ,,
g007_chest_hejazi,chest,hejazi,صدري بيوجعني اوي ومش قادر,طوارئ,طوارئ,,
g008_chest_hejazi,chest,hejazi,حاسس بضغطة قوية في صدري,طوارئ,طوارئ,,
g009_chest_hejazi,chest,hejazi,قلبي بيوجعني وعرقان بارد,طوارئ,طوارئ,,
g010_chest_hejazi,chest,hejazi,صدري مضغوط وايدي الشمال مخدرة,طوارئ,طوارئ,,
g011_chest_hejazi,chest,hejazi,وجع شديد في صدري يروح لكتفي,طوارئ,طوارئ,,
g012_chest_egy,chest,egy,صدري بيوجعني جامد,طوارئ,طوارئ,,
g013_chest_egy,chest,egy,حاسس بحاجة تقيلة على صدري,طوارئ,طوارئ,,
g014_chest_egy,chest,egy,قلبي واجعني جدا وعرقان,طوارئ,طوارئ,,
g015_chest_egy,chest,egy,وجع جامد في صدري ورايح دراعي الشمال,طوارئ,طوارئ,,
g016_chest_egy,chest,egy,صدري مخنوق وفيه ضغط جامد,طوارئ,طوارئ,,
g017_chest_msa,chest,msa,ألم شديد في الصدر يمتد إلى الذراع,طوارئ,طوارئ,,
g018_chest_msa,chest,msa,ضغط ساحق على الصدر مع تعرق,طوارئ,طوارئ,,
g019_chest_msa,chest,msa,ألم صدري شديد مع ضيق تنفس,طوارئ,طوارئ,,
g020_chest_msa,chest,msa,أشعر بانقباض شديد في الصدر,طوارئ,طوارئ,,
g021_chest_typo,chest,typo,الم شديد في الصدر,طوارئ,طوارئ,,
g022_chest_typo,chest,typo,وجع صدر شديد جدآ,طوارئ,طوارئ,,
g023_chest_typo,chest,typo,صدري يعورني وايد وعرقان,طوارئ,طوارئ,,
g024_chest_typo,chest,typo,الم قوي بالصدر ويمتد للفك,طوارئ,طوارئ,,
g025_chest_free,chest,free,حاسس اني بموت وصدري يوجعني,طوارئ,طوارئ,,
g026_chest_free,chest,free,قلبي واقف,طوارئ,طوارئ,,
g027_chest_free,chest,free,قلبي بيوقف,طوارئ,طوارئ,,
g028_chest_free,chest,free,احس قلبي بيوقف من الوجع,طوارئ,طوارئ,,
g029_breath_gulf,breath,gulf,ما اقدر اتنفس,طوارئ,طوارئ,,
g030_breath_gulf,breath,gulf,نفسي مقطوع ومب قادر اتنفس,طوارئ,طوارئ,,
g031_breath_gulf,breath,gulf,اختنق ما يدخل هوا,طوارئ,طوارئ,,
g032_breath_gulf,breath,gulf,نفسي ضايق وايد وشفايفي زرق,طوارئ,طوارئ,,
g033_breath_gulf,breath,gulf,مب قادر ااخذ نفس,طوارئ,طوارئ,,
g034_breath_hejazi,breath,hejazi,مش قادر اتنفس,طوارئ,طوارئ,,
g035_breath_hejazi,breath,hejazi,نفسي مقطوع ومش لاقي هوا,طوارئ,طوارئ,,
g036_breath_hejazi,breath,hejazi,بختنق ومافي نفس,طوارئ,طوارئ,,
g037_breath_hejazi,breath,hejazi,حاسس اني بختنق,طوارئ,طوارئ,,
g038_breath_egy,breath,egy,مش عارف اتنفس,طوارئ,طوارئ,,
g039_breath_egy,breath,egy,نفسي اتقطع خالص,طوارئ,طوارئ,,
g040_breath_egy,breath,egy,حاسس اني بخنق,طوارئ,طوارئ,,
g041_breath_egy,breath,egy,مفيش هوا بيدخل صدري,طوارئ,طوارئ,,
g042_breath_msa,breath,msa,لا أستطيع التنفس,طوارئ,طوارئ,,
g043_breath_msa,breath,msa,ضيق شديد في التنفس,طوارئ,طوارئ,,
g044_breath_msa,breath,msa,صعوبة شديدة في التنفس وازرقاق الشفاه,طوارئ,طوارئ,,
g045_breath_msa,breath,msa,أشعر بالاختناق,طوارئ,طوارئ,,
g046_breath_typo,breath,typo,مااقدر اتنفس,طوارئ,طوارئ,,
g047_breath_typo,breath,typo,ضيق شديد بالتنفس,طوارئ,طوارئ,,
g048_breath_typo,breath,typo,ما اقدر اتنفس ابدا,طوارئ,طوارئ,,
g049_breath_typo,breath,typo,ضيق تنفس شديد جدآ,طوارئ,طوارئ,,
g050_breath_free,breath,free,حاسس اني بموت ومو قادر اخذ نفس,طوارئ,طوارئ,,
g051_breath_free,breath,free,الهوا ما يدخل رئتي,طوارئ,طوارئ,,
g052_breath_free,breath,free,اختناق,طوارئ,طوارئ,,
g053_stroke_gulf,stroke,gulf,وجهي مايل وما اقدر احرك ايدي,طوارئ,طوارئ,,
g054_stroke_gulf,stroke,gulf,كلامي ثقيل وايدي ما تتحرك,طوارئ,طوارئ,,
g055_stroke_gulf,stroke,gulf,عيوني ما ترى فجأة,طوارئ,طوارئ,,
g056_stroke_gulf,stroke,gulf,نص وجهي نايم ولساني ثقيل,طوارئ,طوارئ,,
g057_stroke_gulf,stroke,gulf,فجأة ما اشوف زين وما اقدر اتكلم,طوارئ,طوارئ,,
g058_stroke_hejazi,stroke,hejazi,وشي مايل ومش قادر احرك ايدي,طوارئ,طوارئ,,
g059_stroke_hejazi,stroke,hejazi,كلامي تقيل فجأة,طوارئ,طوارئ,,
g060_stroke_hejazi,stroke,hejazi,عيوني ما بتشوف فجأة,طوارئ,طوارئ,,
g061_stroke_hejazi,stroke,hejazi,نص جسمي مخدر ومش قادر اتكلم,طوارئ,طوارئ,,
g062_stroke_egy,stroke,egy,وشي مايل ومش قادر احرك ايدي,طوارئ,طوارئ,,
g063_stroke_egy,stroke,egy,لساني تقيل ومش عارف اتكلم,طوارئ,طوارئ,,
g064_stroke_egy,stroke,egy,نظري راح فجأة,طوارئ,طوارئ,,
g065_stroke_egy,stroke,egy,نص جسمي مش بيتحرك,طوارئ,طوارئ,,
g066_stroke_msa,stroke,msa,ضعف مفاجئ في جانب واحد من الجسم,طوارئ,طوارئ,,
g067_stroke_msa,stroke,msa,صعوبة في الكلام مع التواء الوجه,طوارئ,طوارئ,,
g068_stroke_msa,stroke,msa,فقدان مفاجئ للرؤية,طوارئ,طوارئ,,
g069_stroke_msa,stroke,msa,تدلي في جانب الوجه وصعوبة النطق,طوارئ,طوارئ,,
g070_stroke_typo,stroke,typo,ضعف في جانب وصعوبه في الكلام,طوارئ,طوارئ,,
g071_stroke_typo,stroke,typo,التواء في الوجه مفاجئ,طوارئ,طوارئ,,
g072_stroke_typo,stroke,typo,ما اقدر احرك ذراعي واتكلم بصعوبه,طوارئ,طوارئ,,
g073_stroke_free,stroke,free,عيوني ما ترى,طوارئ,طوارئ,,
g074_stroke_free,stroke,free,كلامي طلع غريب فجأة وايدي خدرت,طوارئ,طوارئ,,
g075_uncon_gulf,uncon,gulf,ولدي ما يرد علي ومغمى عليه,طوارئ,طوارئ,,
g076_uncon_gulf,uncon,gulf,ابوي طاح وما يصحى,طوارئ,طوارئ,,
g077_uncon_gulf,uncon,gulf,اخوي فاقد الوعي ما يستجيب,طوارئ,طوارئ,,
g078_uncon_gulf,uncon,gulf,اغمي عليه وما يصحى,طوارئ,طوارئ,,
g079_uncon_hejazi,uncon,hejazi,ابويا وقع ومش بيصحى,طوارئ,طوارئ,,
g080_uncon_hejazi,uncon,hejazi,اخوي مغمى عليه ومش بيرد,طوارئ,طوارئ,,
g081_uncon_hejazi,uncon,hejazi,امي فاقدة الوعي ومش بتستجيب,طوارئ,طوارئ,,
g082_uncon_egy,uncon,egy,ابويا وقع ومش بيفوق,طوارئ,طوارئ,,
g083_uncon_egy,uncon,egy,اخويا مغمى عليه ومش بيرد عليا,طوارئ,طوارئ,,
g084_uncon_egy,uncon,egy,مامتي فاقدة الوعي ومش بتستجيب,طوارئ,طوارئ,,
g085_uncon_msa,uncon,msa,فاقد الوعي الآن,طوارئ,طوارئ,,
g086_uncon_msa,uncon,msa,لا يستجيب ولا يصحو,طوارئ,طوارئ,,
g087_uncon_msa,uncon,msa,فقد الوعي ولم يستيقظ,طوارئ,طوارئ,,
g088_uncon_msa,uncon,msa,المريض غائب عن الوعي ولا يستجيب,طوارئ,طوارئ,,
g089_uncon_typo,uncon,typo,فاقد الوعى الان,طوارئ,طوارئ,,
g090_uncon_typo,uncon,typo,مغمى عليه وما يصحي,طوارئ,طوارئ,,
g091_uncon_typo,uncon,typo,لا يستجيب ابدا,طوارئ,طوارئ,,
g092_uncon_free,uncon,free,ما يرد ولا يتحرك,طوارئ,طوارئ,,
g093_seizure_gulf,seizure,gulf,ولدي يتشنج الحين,طوارئ,طوارئ,,
g094_seizure_gulf,seizure,gulf,ابوي يرجف ويطيح ويزبد,طوارئ,طوارئ,,
g095_seizure_gulf,seizure,gulf,اخوي عنده تشنجات وما يصحى,طوارئ,طوارئ,,
g096_seizure_hejazi,seizure,hejazi,ابني بيتشنج دلوقتي,طوارئ,طوارئ,,
g097_seizure_hejazi,seizure,hejazi,بنتي بترجف وبتزبد وعيونها قالبة,طوارئ,طوارئ,,
g098_seizure_egy,seizure,egy,ابني بيتشنج دلوقتي,طوارئ,طوارئ,,
g099_seizure_egy,seizure,egy,اخويا بيترعش ومش بيفوق وبيزبد,طوارئ,طوارئ,,
g100_seizure_msa,seizure,msa,نوبة تشنج الآن,طوارئ,طوارئ,,
g101_seizure_msa,seizure,msa,يتشنج ويزبد ولا يستجيب,طوارئ,طوارئ,,
g102_seizure_msa,seizure,msa,تشنجات مستمرة منذ دقائق,طوارئ,طوارئ,,
g103_seizure_typo,seizure,typo,يتشنج الان,طوارئ,طوارئ,,
g104_seizure_typo,seizure,typo,نوبه تشنج مستمره,طوارئ,طوارئ,,
g105_seizure_free,seizure,free,عيونه قالبة وجسمه يرتجف,طوارئ,طوارئ,,
g106_bleed_gulf,bleed,gulf,دم وايد ما يوقف,طوارئ,طوارئ,,
g107_bleed_gulf,bleed,gulf,نزيف قوي وما وقف,طوارئ,طوارئ,,
g108_bleed_gulf,bleed,gulf,اسعل دم وايد,طوارئ,طوارئ,,
g109_bleed_gulf,bleed,gulf,ارجّع دم,طوارئ,طوارئ,,
g110_bleed_hejazi,bleed,hejazi,دم كتير ومش بيوقف,طوارئ,طوارئ,,
g111_bleed_hejazi,bleed,hejazi,بطلع دم من فمي,طوارئ,طوارئ,,
g112_bleed_hejazi,bleed,hejazi,نزيف شديد من الجرح ومش بيقف,طوارئ,طوارئ,,
g113_bleed_egy,bleed,egy,الدم نازل جامد ومش بيقف,طوارئ,طوارئ,,
g114_bleed_egy,bleed,egy,بكح دم كتير,طوارئ,طوارئ,,
g115_bleed_egy,bleed,egy,بترجع دم,طوارئ,طوارئ,,
g116_bleed_msa,bleed,msa,نزيف شديد لا يتوقف,طوارئ,طوارئ,,
g117_bleed_msa,bleed,msa,قيء دموي,طوارئ,طوارئ,,
g118_bleed_msa,bleed,msa,سعال مصحوب بدم غزير,طوارئ,طوارئ,,
g119_bleed_msa,bleed,msa,نزيف حاد من الجرح,طوارئ,طوارئ,,
g120_bleed_typo,bleed,typo,نزيف شديد ما يوقف,طوارئ,طوارئ,,
g121_bleed_typo,bleed,typo,اتقيأ دم,طوارئ,طوارئ,,
g122_bleed_typo,bleed,typo,نزيف حاد,طوارئ,طوارئ,,
g123_bleed_free,bleed,free,الدم مو راضي يوقف,طوارئ,طوارئ,,
g124_preg_gulf,preg,gulf,حامل ونازل مني دم وايد,طوارئ,طوارئ,,
g125_preg_gulf,preg,gulf,حامل وعندي وجع قوي ونزيف,طوارئ,طوارئ,,
g126_preg_gulf,preg,gulf,حامل وما احس بحركة الجنين وصداع قوي,طوارئ,طوارئ,,
g127_preg_hejazi,preg,hejazi,حامل وفيه نزيف شديد,طوارئ,طوارئ,,
g128_preg_hejazi,preg,hejazi,حامل وبطني بيوجعني جامد ودم نازل,طوارئ,طوارئ,,
g129_preg_egy,preg,egy,حامل والدم نازل جامد,طوارئ,طوارئ,,
g130_preg_egy,preg,egy,انا حامل وبنزف ووجع جامد,طوارئ,طوارئ,,
g131_preg_msa,preg,msa,حامل مع نزيف شديد,طوارئ,طوارئ,,
g132_preg_msa,preg,msa,حامل مع ألم شديد في البطن ونزيف,طوارئ,طوارئ,,
g133_preg_typo,preg,typo,حامل ونزيف شديد,طوارئ,طوارئ,,
g134_preg_typo,preg,typo,حامل ونزيف غزير,طوارئ,طوارئ,,
g135_allergy_gulf,allergy,gulf,اكلت فستق وحلقي ينتفخ وما اقدر اتنفس,طوارئ,طوارئ,,
g136_allergy_gulf,allergy,gulf,وجهي ورم ولساني ورم بعد الاكل,طوارئ,طوارئ,,
g137_allergy_gulf,allergy,gulf,لسعتني نحلة وحلقي سكر,طوارئ,طوارئ,,
g138_allergy_hejazi,allergy,hejazi,اكلت جمبري وحلقي بيتورم,طوارئ,طوارئ,,
g139_allergy_hejazi,allergy,hejazi,لساني ورم وصعب اتنفس,طوارئ,طوارئ,,
g140_allergy_egy,allergy,egy,اكلت سمك وحلقي ورم ومش عارف اتنفس,طوارئ,طوارئ,,
g141_allergy_egy,allergy,egy,وشي ورم ولساني ورم,طوارئ,طوارئ,,
g142_allergy_msa,allergy,msa,تورم الحلق واللسان بعد تناول الطعام,طوارئ,طوارئ,,
g143_allergy_msa,allergy,msa,تورم الوجه وصعوبة التنفس بعد لدغة,طوارئ,طوارئ,,
g144_allergy_msa,allergy,msa,حساسية شديدة وضيق في التنفس,طوارئ,طوارئ,,
g145_allergy_typo,allergy,typo,تورم في الحلق واللسان,طوارئ,طوارئ,,
g146_allergy_typo,allergy,typo,حلقي منتفخ وما اقدر اتنفس,طوارئ,طوارئ,,
g147_allergy_free,allergy,free,حلقي يقفل,طوارئ,طوارئ,,
g148_selfharm_gulf,selfharm,gulf,ابي اقتل نفسي,طوارئ,طوارئ,,
g149_selfharm_gulf,selfharm,gulf,ودي انتحر,طوارئ,طوارئ,,
g150_selfharm_gulf,selfharm,gulf,ما ابي اعيش,طوارئ,طوارئ,,
g151_selfharm_gulf,selfharm,gulf,ابي انهي حياتي,طوارئ,طوارئ,,
g152_selfharm_gulf,selfharm,gulf,قررت اخلص من حياتي,طوارئ,طوارئ,,
g153_selfharm_hejazi,selfharm,hejazi,عايز انتحر,طوارئ,طوارئ,,
g154_selfharm_hejazi,selfharm,hejazi,مش عايز اعيش,طوارئ,طوارئ,,
g155_selfharm_hejazi,selfharm,hejazi,ودي اموت نفسي,طوارئ,طوارئ,,
g156_selfharm_egy,selfharm,egy,عايز انتحر,طوارئ,طوارئ,,
g157_selfharm_egy,selfharm,egy,مش عايز اعيش خلاص,طوارئ,طوارئ,,
g158_selfharm_egy,selfharm,egy,هقتل نفسي,طوارئ,طوارئ,,
g159_selfharm_msa,selfharm,msa,أفكر في الانتحار,طوارئ,طوارئ,,
g160_selfharm_msa,selfharm,msa,أريد أن أنهي حياتي,طوارئ,طوارئ,,
g161_selfharm_msa,selfharm,msa,أرغب في إيذاء نفسي,طوارئ,طوارئ,,
g162_selfharm_msa,selfharm,msa,سأقتل نفسي,طوارئ,طوارئ,,
g163_selfharm_typo,selfharm,typo,ابي انتحر,طوارئ,طوارئ,,
g164_selfharm_typo,selfharm,typo,اريد انهي حياتي,طوارئ,طوارئ,,
g165_selfharm_typo,selfharm,typo,افكر بالانتحار,طوارئ,طوارئ,,
g166_selfharm_free,selfharm,free,تعبت من الحياة وابي اخلص,طوارئ,طوارئ,,
g167_selfharm_free,selfharm,free,احس اني بموت,طوارئ,طوارئ,,
g168_poison_gulf,poison,gulf,بلعت حبوب وايد,طوارئ,طوارئ,,
g169_poison_gulf,poison,gulf,ولدي شرب منظف,طوارئ,طوارئ,,
g170_poison_gulf,poison,gulf,شرب كلور,طوارئ,طوارئ,,
g171_poison_gulf,poison,gulf,اخذت جرعة زايدة من الدوا,طوارئ,طوارئ,,
g172_poison_hejazi,poison,hejazi,بلعت حبوب كتير,طوارئ,طوارئ,,
g173_poison_hejazi,poison,hejazi,ابني شرب مبيد,طوارئ,طوارئ,,
g174_poison_hejazi,poison,hejazi,اخذت جرعة زايدة,طوارئ,طوارئ,,
g175_poison_egy,poison,egy,بلعت حبوب كتير,طوارئ,طوارئ,,
g176_poison_egy,poison,egy,ابني شرب كلور,طوارئ,طوارئ,,
g177_poison_egy,poison,egy,واخد جرعة زيادة من الدوا,طوارئ,طوارئ,,
g178_poison_msa,poison,msa,تناول جرعة زائدة من الدواء,طوارئ,طوارئ,,
g179_poison_msa,poison,msa,شرب مادة منظفة,طوارئ,طوارئ,,
g180_poison_msa,poison,msa,ابتلع عدة حبوب منومة,طوارئ,طوارئ,,
g181_poison_msa,poison,msa,تسمم بالمبيد,طوارئ,طوارئ,,
g182_poison_typo,poison,typo,جرعه زائده من الدواء,طوارئ,طوارئ,,
g183_poison_typo,poison,typo,شرب منظف,طوارئ,طوارئ,,
g184_neg,negative,mixed,صداع خفيف من امس,ليس طوارئ,ليس طوارئ,,
g185_neg,negative,mixed,كحة خفيفة وزكام,ليس طوارئ,ليس طوارئ,,
g186_neg,negative,mixed,وجع بطن بسيط بعد الاكل,ليس طوارئ,ليس طوارئ,,
g187_neg,negative,mixed,رشح وعطاس,ليس طوارئ,ليس طوارئ,,
g188_neg,negative,mixed,ألم خفيف في الظهر,ليس طوارئ,ليس طوارئ,,
g189_neg,negative,mixed,تعب عام بسيط,ليس طوارئ,ليس طوارئ,,
g190_neg,negative,mixed,حرقة معدة بعد الغداء,ليس طوارئ,ليس طوارئ,,
g191_neg,negative,mixed,وجع حلق خفيف,ليس طوارئ,ليس طوارئ,,
g192_neg,negative,mixed,حرارة خفيفة 37.5,ليس طوارئ,ليس طوارئ,,
g193_neg,negative,mixed,ألم بسيط في الركبة,ليس طوارئ,ليس طوارئ,,
g194_neg,negative,mixed,دوخة خفيفة عند الوقوف,ليس طوارئ,ليس طوارئ,,
g195_neg,negative,mixed,ما عندي ضيق نفس ولا وجع صدر,ليس طوارئ,ليس طوارئ,,
g196_neg,negative,mixed,لا يوجد ألم في الصدر,ليس طوارئ,ليس طوارئ,,
g197_neg,negative,mixed,ما في نزيف,ليس طوارئ,ليس طوارئ,,
g198_neg,negative,mixed,مو حاس بضيق تنفس,ليس طوارئ,ليس طوارئ,,
g199_neg,negative,mixed,جلدي جاف وفيه حكة,ليس طوارئ,ليس طوارئ,,
g200_neg,negative,mixed,طفح خفيف على اليد,ليس طوارئ,ليس طوارئ,,
g201_neg,negative,mixed,عطاس وانسداد انف,ليس طوارئ,ليس طوارئ,,
g202_neg,negative,mixed,قلبي واقف على الشغل وايد,ليس طوارئ,ليس طوارئ,,
g203_neg,negative,mixed,اشعر بالتوتر قبل الاختبار,ليس طوارئ,ليس طوارئ,,
g204_neg,negative,mixed,وجع اسنان بسيط,ليس طوارئ,ليس طوارئ,,
g205_neg,negative,mixed,اسهال خفيف يوم واحد,ليس طوارئ,ليس طوارئ,,
g206_neg,negative,mixed,غثيان خفيف الصبح,ليس طوارئ,ليس طوارئ,,
g207_neg,negative,mixed,صدري فيه كحة خفيفة بس,ليس طوارئ,ليس طوارئ,,
g208_neg,negative,mixed,ما اقدر انام بسبب القلق,ليس طوارئ,ليس طوارئ,,
g209_neg,negative,mixed,عيوني تعبانة من الشاشة,ليس طوارئ,ليس طوارئ,,
g210_neg,negative,mixed,ركبتي تعورني بعد الرياضة,ليس طوارئ,ليس طوارئ,,
g211_neg,negative,mixed,احس بدوخة بسيطة بعد ما قمت,ليس طوارئ,ليس طوارئ,,
g212_neg,negative,mixed,ألم بسيط في الرقبة,ليس طوارئ,ليس طوارئ,,
g213_neg,negative,mixed,وجع راس نص ساعة وراح,ليس طوارئ,ليس طوارئ,,
g214_neg,negative,mixed,اغمي علي قبل ساعتين والحين طبيعي,ليس طوارئ,ليس طوارئ,,
g215_neg,negative,mixed,كنت اتنفس بصعوبة امس والحين الحمد لله طبيعي,ليس طوارئ,ليس طوارئ,,
g216_neg_fp,negative,mixed,صدري يعورني من الكحة امس,ليس طوارئ,ليس طوارئ,,
g217_neg_fp,negative,mixed,قلبي واقف عندك يا غالي,ليس طوارئ,ليس طوارئ,,
g218_neg_fp,negative,mixed,الدم نازل شوي من اللثة وقت التفريش,ليس طوارئ,ليس طوارئ,,
g219_neg_fp,negative,mixed,عندي حكة بسيطة في الجلد,ليس طوارئ,ليس طوارئ,,
g220_neg_fp,negative,mixed,شفت دم قليل مع البصاق مرة وحدة,ليس طوارئ,ليس طوارئ,,
g221_neg_fp,negative,mixed,اشتريت حبوب فيتامين وايد,ليس طوارئ,ليس طوارئ,,
g222_neg_fp,negative,mixed,بلعت حبة بنادول وحدة,ليس طوارئ,ليس طوارئ,,
g223_neg_fp,negative,mixed,ابني شرب ماء كثير,ليس طوارئ,ليس طوارئ,,
g224_neg_fp,negative,mixed,لساني مجروح من الاكل,ليس طوارئ,ليس طوارئ,,
g225_neg_fp,negative,mixed,حلقي يعورني بسيط,ليس طوارئ,ليس طوارئ,,
g226_neg_fp,negative,mixed,حامل في الشهر الخامس وكل شي تمام,ليس طوارئ,ليس طوارئ,,
g227_neg_fp,negative,mixed,حامله وعندي غثيان صباحي,ليس طوارئ,ليس طوارئ,,
g228_neg_fp,negative,mixed,احس بقلق من الاختبار,ليس طوارئ,ليس طوارئ,,
g229_neg_fp,negative,mixed,مش قادر اركز في الشغل,ليس طوارئ,ليس طوارئ,,
g230_neg_fp,negative,mixed,مب قادر انام زين,ليس طوارئ,ليس طوارئ,,
g231_neg_fp,negative,mixed,ما اقدر اتكلم كثير لان حلقي ملتهب,ليس طوارئ,ليس طوارئ,,
g232_neg_fp,negative,mixed,وجهي وش تعبان من السهر,ليس طوارئ,ليس طوارئ,,
g233_neg_fp,negative,mixed,ايدي مخدرة من النوم عليها,ليس طوارئ,ليس طوارئ,,
g234_neg_fp,negative,mixed,رجلي مخدرة من الجلوس,ليس طوارئ,ليس طوارئ,,
g235_neg_fp,negative,mixed,قلبي يدق بسرعة بعد القهوة,ليس طوارئ,ليس طوارئ,,
g236_neg_fp,negative,mixed,ضغط الدم عندي عادي,ليس طوارئ,ليس طوارئ,,
g237_neg_fp,negative,mixed,حمل ثقيل رفعته وظهري يوجعني,ليس طوارئ,ليس طوارئ,,
g238_neg_fp,negative,mixed,نفسي ضايق شوي من الغبار,ليس طوارئ,ليس طوارئ,,
g239_neg_fp,negative,mixed,اتنفس بصعوبه بسيطه وقت الجري,ليس طوارئ,ليس طوارئ,,
g240_neg_fp,negative,mixed,ابوي وقع من الكرسي وقام وهو بخير,ليس طوارئ,ليس طوارئ,,
g241_neg_fp,negative,mixed,اختي اغمي عليها امس وهي بخير الان,ليس طوارئ,ليس طوارئ,,
g242_neg_fp,negative,mixed,قررت اخلص الشغل اليوم,ليس طوارئ,ليس طوارئ,,
g243_neg_fp,negative,mixed,ابي اخلص من هالمشروع,ليس طوارئ,ليس طوارئ,,
g244_neg_fp,negative,mixed,تعبت من الحياة الجامعية وابي اجازة,ليس طوارئ,ليس طوارئ,,
g245_neg_fp,negative,mixed,عايز اعيش في مصر,ليس طوارئ,ليس طوارئ,,
g246_neg_fp,negative,mixed,ما ابي اعيش في هالمدينه,ليس طوارئ,ليس طوارئ,,
g247_neg_fp,negative,mixed,نزيف الانف خفيف وتوقف,ليس طوارئ,ليس طوارئ,,
g248_neg_fp,negative,mixed,الم الصدر بسيط عند السعال,ليس طوارئ,ليس طوارئ,,
g249_neg_fp,negative,mixed,my chest hurts a little after coughing,ليس طوارئ,ليس طوارئ,,
g250_neg_fp,negative,mixed,I feel anxious before exams,ليس طوارئ,ليس طوارئ,,
g251_neg_fp,negative,mixed,my heart is racing after coffee,ليس طوارئ,ليس طوارئ,,
g252_neg_fp,negative,mixed,mild rash on my arm,ليس طوارئ,ليس طوارئ,,
g253_neg_fp,negative,mixed,I swallowed a pill with water,ليس طوارئ,ليس طوارئ,,
g254_neg_fp,negative,mixed,the baby is crying a lot,ليس طوارئ,ليس طوارئ,,
g255_neg_fp,negative,mixed,He fell and got up fine,ليس طوارئ,ليس طوارئ,,
g256_neg_fp,negative,mixed,فيه الم خفيف بصدري,ليس طوارئ,ليس طوارئ,,
g257_neg_fp,negative,mixed,ما اقدر اتكلم كثير لان حلقي ملتهب,ليس طوارئ,ليس طوارئ,,
g258_neg_fp,negative,mixed,ما ابي اعيش في هالمدينه,ليس طوارئ,ليس طوارئ,,
g300_infant_ctx,infant,gulf,رضيع عمره شهرين عنده حرارة 38.5,طوارئ,طوارئ,,
g301_infant_ctx,infant,gulf,بنتي عمرها اسبوعين وحرارتها مرتفعة,طوارئ,طوارئ,,
g302_infant_ctx,infant,msa,مولود عمره 20 يوم سخونة,طوارئ,طوارئ,,
g303_infant_ctx,infant,egy,الطفل عنده 6 اسابيع وعنده سخونية,طوارئ,طوارئ,,
g304_infant_ctx,infant,free,my baby is 6 weeks old with a fever,طوارئ,طوارئ,,
g305_infant_ctx,infant,hejazi,ولدي عمره شهر ونص حرارته 38 ونص,طوارئ,طوارئ,,
g306_appendix_ctx,appendix,gulf,الم اسفل البطن من اليمين مع حرارة وغثيان من امس,طوارئ,طوارئ,,
g307_appendix_ctx,appendix,gulf,وجع تحت بطني يمين وايد وارجع,طوارئ,طوارئ,,
g308_appendix_ctx,appendix,egy,وجع في اسفل البطن ناحية اليمين ومعاه سخونية,طوارئ,طوارئ,,
g309_appendix_ctx,appendix,free,right lower abdominal pain with fever,طوارئ,طوارئ,,
g310_appendix_ctx,appendix,gulf,الزايدة توجعني مرة,طوارئ,طوارئ,,
g311_appendix_ctx,appendix,msa,ألم أسفل البطن الأيمن يزداد مع المشي وفقدان شهية,طوارئ,طوارئ,,
g312_pregnancy_ctx,pregnancy,gulf,حامل اسبوع 7 والم حاد جهة واحدة مع دوخة,طوارئ,طوارئ,,
g313_pregnancy_ctx,pregnancy,hejazi,حامل وعندي وجع بطن ونزيف بسيط,طوارئ,طوارئ,,
g314_pregnancy_ctx,pregnancy,free,pregnant with sharp pelvic pain and dizziness,طوارئ,طوارئ,,
g315_pregnancy_ctx,pregnancy,gulf,متأخرة دورتي واختبار الحمل ايجابي ومغص قوي بجنب واحد,طوارئ,طوارئ,,
g316_pregnancy_ctx,pregnancy,msa,حامل في الشهر الثامن مع صداع شديد وزغللة,طوارئ,طوارئ,,
g317_pregnancy_ctx,pregnancy,gulf,حامل وعندي صداع قوي والم اعلى البطن,طوارئ,طوارئ,,
g318_dvt_ctx,dvt,gulf,تورم والم في ساق واحدة بعد رحلة طويلة وضيق نفس خفيف,طوارئ,طوارئ,,
g319_dvt_ctx,dvt,gulf,رجلي اليمين منتفخة وموجعة وصدري يوجعني,طوارئ,طوارئ,,
g320_dvt_ctx,dvt,free,swelling and pain in my left leg with shortness of breath,طوارئ,طوارئ,,
g321_dvt_ctx,dvt,msa,بعد العملية ساقي متورمة وعندي ضيق تنفس والم بالساق,طوارئ,طوارئ,,
g400_infant_neg,infant,gulf,رضيع عمره 5 اشهر حرارته 38,ليس طوارئ,ليس طوارئ,,
g401_infant_neg,infant,gulf,ما عنده حرارة عمره شهرين,ليس طوارئ,ليس طوارئ,,
g402_infant_neg,infant,msa,رضيع شهرين بدون حرارة وياكل زين,ليس طوارئ,ليس طوارئ,,
g403_appendix_neg,appendix,gulf,ألم أسفل البطن من اليسار,ليس طوارئ,ليس طوارئ,,
g404_appendix_neg,appendix,gulf,وجع بطن عام وغثيان,ليس طوارئ,ليس طوارئ,,
g405_appendix_neg,appendix,msa,كان عندي ألم في الزايدة قبل سنين وعملت عملية,ليس طوارئ,ليس طوارئ,,
g406_pregnancy_neg,pregnancy,gulf,حامل والم خفيف في الظهر,ليس طوارئ,ليس طوارئ,,
g407_pregnancy_neg,pregnancy,gulf,حامل وغثيان الصباح,ليس طوارئ,ليس طوارئ,,
g408_pregnancy_neg,pregnancy,gulf,حامل وصداع خفيف,ليس طوارئ,ليس طوارئ,,
g409_dvt_neg,dvt,gulf,تورم في الرجلين مع المساء,ليس طوارئ,ليس طوارئ,,
g410_dvt_neg,dvt,gulf,ما عندي ضيق نفس ولا تورم بالساق,ليس طوارئ,ليس طوارئ,,
g411_dvt_neg,dvt,msa,ألم عضلي في الساق بعد الرياضة,ليس طوارئ,ليس طوارئ,,
g412_dvt_neg,dvt,gulf,ضيق نفس مع الربو,ليس طوارئ,ليس طوارئ,,
