key,name_ar,name_en,unit,range_male,range_female,danger_rules,text_if_low_ar,text_if_high_ar,decision (approve / edit / reject),clinician notes
hgb,هيموغلوبين,Hemoglobin,g/dL,13.5–17.5,12.0–15.5,emergency lt 5; urgent lt 7,قد تشير النتيجة إلى انخفاض الهيموغلوبين (فقر دم محتمل). لا يعني ذلك بالضرورة وجود مرض — راجع طبيبك لتحديد السبب.,قد تشير النتيجة إلى ارتفاع الهيموغلوبين، وقد يرتبط بالجفاف أو عوامل أخرى — راجع طبيبك للتحقق.,,
wbc,كريات بيضاء,WBC,10^9/L,4.0–11.0,4.0–11.0,urgent gt 30; urgent lt 1,قد تشير النتيجة إلى انخفاض كريات الدم البيضاء، وقد يرتبط بعدوى فيروسية أو أسباب أخرى.,قد تشير النتيجة إلى ارتفاع كريات الدم البيضاء، وغالبًا ما يرتبط بالتهاب أو عدوى.,,
rbc,كريات حمراء,RBC,10^6/uL,4.7–6.1,4.2–5.4,,قد تشير النتيجة إلى انخفاض عدد كريات الدم الحمراء، وقد يرتبط بفقر دم أو أسباب أخرى.,قد تشير النتيجة إلى ارتفاع عدد كريات الدم الحمراء، وقد يرتبط بالجفاف أو عوامل أخرى.,,
hct,الهيماتوكريت,Hematocrit,%,40.0–54.0,36.0–48.0,,قد تشير النتيجة إلى انخفاض الهيماتوكريت، وقد يرتبط بفقر دم أو نزيف خفيف.,قد تشير النتيجة إلى ارتفاع الهيماتوكريت، وقد يرتبط بالجفاف أو أسباب أخرى.,,
mcv,متوسط حجم الكرية,MCV,fL,80.0–100.0,80.0–100.0,,قد تشير النتيجة إلى صغر حجم الكريات، وهو شائع مع نقص الحديد.,قد تشير النتيجة إلى كبر حجم الكريات، وقد يرتبط بنقص فيتامين ب12 أو حمض الفوليك.,,
mch,متوسط هيموغلوبين الكرية,MCH,pg,27.0–33.0,27.0–33.0,,قد تشير النتيجة إلى انخفاض كمية الهيموغلوبين في الكريات، وغالبًا ما يرتبط بنقص الحديد.,قد تشير النتيجة إلى ارتفاع كمية الهيموغلوبين في الكريات.,,
mchc,متوسط تركيز الهيموغلوبين,MCHC,g/dL,32.0–36.0,32.0–36.0,,قد تشير النتيجة إلى انخفاض تركيز الهيموغلوبين، وقد يرتبط بفقر دم.,قد تشير النتيجة إلى ارتفاع تركيز الهيموغلوبين، وهو نادر ويحتاج تقييمًا.,,
plt,الصفائح,Platelets,10^9/L,150.0–400.0,150.0–400.0,emergency lt 10; urgent lt 20,قد تشير النتيجة إلى انخفاض الصفائح، وقد يزيد ذلك من خطر النزف.,قد تشير النتيجة إلى ارتفاع الصفائح، وقد يرتبط بالتهاب أو عوامل أخرى.,,
neut,العدلات,Neutrophils,%,40.0–60.0,40.0–60.0,,قد تشير النتيجة إلى انخفاض العدلات، وقد يرتبط بعدوى فيروسية أو أسباب أخرى.,قد تشير النتيجة إلى ارتفاع العدلات، وغالبًا ما يرتبط بعدوى بكتيرية أو التهاب.,,
lymph,اللمفاويات,Lymphocytes,%,20.0–40.0,20.0–40.0,,قد تشير النتيجة إلى انخفاض اللمفاويات، وقد يرتبط بإجهاد أو عدوى أو أسباب أخرى.,قد تشير النتيجة إلى ارتفاع اللمفاويات، وقد يرتبط بعدوى فيروسية.,,
rdw,RDW,RDW,%,11.5–14.5,11.5–14.5,,قد تشير النتيجة إلى تباين ضعيف في أحجام الكريات.,قد تشير النتيجة إلى تباين كبير في أحجام الكريات، وغالبًا ما يظهر مع فقر دم.,,
glucose,الجلوكوز,Glucose,mg/dL,None–None,None–None,,القيمة أقل من نطاق المختبر في التقرير؛ لا تحدد السبب بمفردها.,القيمة أعلى من نطاق المختبر في التقرير؛ لا تحدد السبب بمفردها.,,
hba1c,السكر التراكمي HbA1c,HbA1c,%,None–None,None–None,,القيمة أقل من نطاق المختبر في التقرير؛ لا تحدد السبب بمفردها.,القيمة أعلى من نطاق المختبر في التقرير؛ لا تحدد السبب بمفردها.,,
creatinine,الكرياتينين,Creatinine,mg/dL,None–None,None–None,,القيمة أقل من نطاق المختبر في التقرير؛ لا تحدد السبب بمفردها.,القيمة أعلى من نطاق المختبر في التقرير؛ لا تحدد السبب بمفردها.,,
egfr,معدل الترشيح الكبيبي eGFR,eGFR,mL/min/1.73m2,None–None,None–None,,القيمة أقل من نطاق المختبر في التقرير؛ لا تحدد السبب بمفردها.,القيمة أعلى من نطاق المختبر في التقرير؛ لا تحدد السبب بمفردها.,,
bun,نيتروجين اليوريا BUN,BUN,mg/dL,None–None,None–None,,القيمة أقل من نطاق المختبر في التقرير؛ لا تحدد السبب بمفردها.,القيمة أعلى من نطاق المختبر في التقرير؛ لا تحدد السبب بمفردها.,,
urea,اليوريا,Urea,mg/dL,None–None,None–None,,القيمة أقل من نطاق المختبر في التقرير؛ لا تحدد السبب بمفردها.,القيمة أعلى من نطاق المختبر في التقرير؛ لا تحدد السبب بمفردها.,,
alt,إنزيم ALT,ALT,U/L,None–None,None–None,,القيمة أقل من نطاق المختبر في التقرير؛ لا تحدد السبب بمفردها.,القيمة أعلى من نطاق المختبر في التقرير؛ لا تحدد السبب بمفردها.,,
ast,إنزيم AST,AST,U/L,None–None,None–None,,القيمة أقل من نطاق المختبر في التقرير؛ لا تحدد السبب بمفردها.,القيمة أعلى من نطاق المختبر في التقرير؛ لا تحدد السبب بمفردها.,,
alp,إنزيم ALP,ALP,U/L,None–None,None–None,,القيمة أقل من نطاق المختبر في التقرير؛ لا تحدد السبب بمفردها.,القيمة أعلى من نطاق المختبر في التقرير؛ لا تحدد السبب بمفردها.,,
bilirubin,البيليروبين الكلي,Total bilirubin,mg/dL,None–None,None–None,,القيمة أقل من نطاق المختبر في التقرير؛ لا تحدد السبب بمفردها.,القيمة أعلى من نطاق المختبر في التقرير؛ لا تحدد السبب بمفردها.,,
albumin,الألبومين,Albumin,g/dL,None–None,None–None,,القيمة أقل من نطاق المختبر في التقرير؛ لا تحدد السبب بمفردها.,القيمة أعلى من نطاق المختبر في التقرير؛ لا تحدد السبب بمفردها.,,
total_protein,البروتين الكلي,Total protein,g/dL,None–None,None–None,,القيمة أقل من نطاق المختبر في التقرير؛ لا تحدد السبب بمفردها.,القيمة أعلى من نطاق المختبر في التقرير؛ لا تحدد السبب بمفردها.,,
chol_total,الكوليسترول الكلي,Total cholesterol,mg/dL,None–None,None–None,,القيمة أقل من نطاق المختبر في التقرير؛ لا تحدد السبب بمفردها.,القيمة أعلى من نطاق المختبر في التقرير؛ لا تحدد السبب بمفردها.,,
ldl,LDL,LDL cholesterol,mg/dL,None–None,None–None,,القيمة أقل من نطاق المختبر في التقرير؛ لا تحدد السبب بمفردها.,القيمة أعلى من نطاق المختبر في التقرير؛ لا تحدد السبب بمفردها.,,
hdl,HDL,HDL cholesterol,mg/dL,None–None,None–None,,القيمة أقل من نطاق المختبر في التقرير؛ لا تحدد السبب بمفردها.,القيمة أعلى من نطاق المختبر في التقرير؛ لا تحدد السبب بمفردها.,,
triglycerides,الدهون الثلاثية,Triglycerides,mg/dL,None–None,None–None,,القيمة أقل من نطاق المختبر في التقرير؛ لا تحدد السبب بمفردها.,القيمة أعلى من نطاق المختبر في التقرير؛ لا تحدد السبب بمفردها.,,
sodium,الصوديوم,Sodium,mmol/L,None–None,None–None,,القيمة أقل من نطاق المختبر في التقرير؛ لا تحدد السبب بمفردها.,القيمة أعلى من نطاق المختبر في التقرير؛ لا تحدد السبب بمفردها.,,
potassium,البوتاسيوم,Potassium,mmol/L,None–None,None–None,,القيمة أقل من نطاق المختبر في التقرير؛ لا تحدد السبب بمفردها.,القيمة أعلى من نطاق المختبر في التقرير؛ لا تحدد السبب بمفردها.,,
chloride,الكلوريد,Chloride,mmol/L,None–None,None–None,,القيمة أقل من نطاق المختبر في التقرير؛ لا تحدد السبب بمفردها.,القيمة أعلى من نطاق المختبر في التقرير؛ لا تحدد السبب بمفردها.,,
calcium,الكالسيوم,Calcium,mg/dL,None–None,None–None,,القيمة أقل من نطاق المختبر في التقرير؛ لا تحدد السبب بمفردها.,القيمة أعلى من نطاق المختبر في التقرير؛ لا تحدد السبب بمفردها.,,
co2,ثاني أكسيد الكربون CO2,CO2 / bicarbonate,mmol/L,None–None,None–None,,القيمة أقل من نطاق المختبر في التقرير؛ لا تحدد السبب بمفردها.,القيمة أعلى من نطاق المختبر في التقرير؛ لا تحدد السبب بمفردها.,,
ferritin,الفيريتين,Ferritin,ng/mL,None–None,None–None,,القيمة أقل من نطاق المختبر في التقرير؛ لا تحدد السبب بمفردها.,القيمة أعلى من نطاق المختبر في التقرير؛ لا تحدد السبب بمفردها.,,
b12,فيتامين B12,Vitamin B12,pg/mL,None–None,None–None,,القيمة أقل من نطاق المختبر في التقرير؛ لا تحدد السبب بمفردها.,القيمة أعلى من نطاق المختبر في التقرير؛ لا تحدد السبب بمفردها.,,
vitd,فيتامين D,Vitamin D,ng/mL,None–None,None–None,,القيمة أقل من نطاق المختبر في التقرير؛ لا تحدد السبب بمفردها.,القيمة أعلى من نطاق المختبر في التقرير؛ لا تحدد السبب بمفردها.,,
tsh,هرمون TSH,TSH,mIU/L,None–None,None–None,,القيمة أقل من نطاق المختبر في التقرير؛ لا تحدد السبب بمفردها.,القيمة أعلى من نطاق المختبر في التقرير؛ لا تحدد السبب بمفردها.,,
iron,الحديد,Iron,umol/L,None–None,None–None,,,,,
mpv,متوسط حجم الصفائح,Mean platelet volume (MPV),fL,None–None,None–None,,,,,
mono,الوحيدات,Monocytes,%,None–None,None–None,,,,,
eos,الحمضات,Eosinophils,%,None–None,None–None,,,,,
baso,القاعديات,Basophils,%,None–None,None–None,,,,,
free_t4,هرمون Free T4,Free T4,ng/dL,None–None,None–None,,القيمة أقل من نطاق المختبر في التقرير؛ لا تحدد السبب بمفردها.,القيمة أعلى من نطاق المختبر في التقرير؛ لا تحدد السبب بمفردها.,,
crp,البروتين المتفاعل C (CRP),C-reactive protein (CRP),mg/L,None–None,None–None,,القيمة أقل من نطاق المختبر في التقرير؛ لا تحدد السبب بمفردها.,القيمة أعلى من نطاق المختبر في التقرير؛ لا تحدد السبب بمفردها.,,
esr,سرعة ترسيب الدم (ESR),Erythrocyte sedimentation rate (ESR),mm/hr,None–None,None–None,,القيمة أقل من نطاق المختبر في التقرير؛ لا تحدد السبب بمفردها.,القيمة أعلى من نطاق المختبر في التقرير؛ لا تحدد السبب بمفردها.,,
magnesium,المغنيسيوم,Magnesium,mg/dL,None–None,None–None,,القيمة أقل من نطاق المختبر في التقرير؛ لا تحدد السبب بمفردها.,القيمة أعلى من نطاق المختبر في التقرير؛ لا تحدد السبب بمفردها.,,
phosphate,الفوسفات,Phosphate,mg/dL,None–None,None–None,,القيمة أقل من نطاق المختبر في التقرير؛ لا تحدد السبب بمفردها.,القيمة أعلى من نطاق المختبر في التقرير؛ لا تحدد السبب بمفردها.,,
uric_acid,حمض اليوريك,Uric acid,mg/dL,None–None,None–None,,القيمة أقل من نطاق المختبر في التقرير؛ لا تحدد السبب بمفردها.,القيمة أعلى من نطاق المختبر في التقرير؛ لا تحدد السبب بمفردها.,,
ggt,إنزيم GGT,GGT,U/L,None–None,None–None,,القيمة أقل من نطاق المختبر في التقرير؛ لا تحدد السبب بمفردها.,القيمة أعلى من نطاق المختبر في التقرير؛ لا تحدد السبب بمفردها.,,
lipase,إنزيم الليباز,Lipase,U/L,None–None,None–None,,القيمة أقل من نطاق المختبر في التقرير؛ لا تحدد السبب بمفردها.,القيمة أعلى من نطاق المختبر في التقرير؛ لا تحدد السبب بمفردها.,,
folate,الفولات,Folate,ng/mL,None–None,None–None,,القيمة أقل من نطاق المختبر في التقرير؛ لا تحدد السبب بمفردها.,القيمة أعلى من نطاق المختبر في التقرير؛ لا تحدد السبب بمفردها.,,
anc,العدد المطلق للعدلات (ANC),Absolute neutrophil count (ANC),10^9/L,None–None,None–None,,القيمة أقل من نطاق المختبر في التقرير؛ لا تحدد السبب بمفردها.,القيمة أعلى من نطاق المختبر في التقرير؛ لا تحدد السبب بمفردها.,,
troponin,التروبونين القلبي,Cardiac troponin,ng/L,None–None,None–None,,القيمة أقل من نطاق المختبر في التقرير؛ لا تحدد السبب بمفردها.,القيمة أعلى من نطاق المختبر في التقرير؛ لا تحدد السبب بمفردها.,,
glucose,الجلوكوز,Glucose,mg/dL,None/None/None/None,,,القيمة أقل من نطاق المختبر في التقرير؛ لا تحدد السبب بمفردها.,القيمة أعلى من نطاق المختبر في التقرير؛ لا تحدد السبب بمفردها.,,
hba1c,السكر التراكمي HbA1c,HbA1c,%,None/None/None/None,,,القيمة أقل من نطاق المختبر في التقرير؛ لا تحدد السبب بمفردها.,القيمة أعلى من نطاق المختبر في التقرير؛ لا تحدد السبب بمفردها.,,
creatinine,الكرياتينين,Creatinine,mg/dL,None/None/None/None,,,القيمة أقل من نطاق المختبر في التقرير؛ لا تحدد السبب بمفردها.,القيمة أعلى من نطاق المختبر في التقرير؛ لا تحدد السبب بمفردها.,,
egfr,معدل الترشيح الكبيبي eGFR,eGFR,mL/min/1.73m2,None/None/None/None,,,القيمة أقل من نطاق المختبر في التقرير؛ لا تحدد السبب بمفردها.,القيمة أعلى من نطاق المختبر في التقرير؛ لا تحدد السبب بمفردها.,,
bun,نيتروجين اليوريا BUN,BUN,mg/dL,None/None/None/None,,,القيمة أقل من نطاق المختبر في التقرير؛ لا تحدد السبب بمفردها.,القيمة أعلى من نطاق المختبر في التقرير؛ لا تحدد السبب بمفردها.,,
urea,اليوريا,Urea,mg/dL,None/None/None/None,,,القيمة أقل من نطاق المختبر في التقرير؛ لا تحدد السبب بمفردها.,القيمة أعلى من نطاق المختبر في التقرير؛ لا تحدد السبب بمفردها.,,
alt,إنزيم ALT,ALT,U/L,None/None/None/None,,,القيمة أقل من نطاق المختبر في التقرير؛ لا تحدد السبب بمفردها.,القيمة أعلى من نطاق المختبر في التقرير؛ لا تحدد السبب بمفردها.,,
ast,إنزيم AST,AST,U/L,None/None/None/None,,,القيمة أقل من نطاق المختبر في التقرير؛ لا تحدد السبب بمفردها.,القيمة أعلى من نطاق المختبر في التقرير؛ لا تحدد السبب بمفردها.,,
alp,إنزيم ALP,ALP,U/L,None/None/None/None,,,القيمة أقل من نطاق المختبر في التقرير؛ لا تحدد السبب بمفردها.,القيمة أعلى من نطاق المختبر في التقرير؛ لا تحدد السبب بمفردها.,,
bilirubin,البيليروبين الكلي,Total bilirubin,mg/dL,None/None/None/None,,,القيمة أقل من نطاق المختبر في التقرير؛ لا تحدد السبب بمفردها.,القيمة أعلى من نطاق المختبر في التقرير؛ لا تحدد السبب بمفردها.,,
albumin,الألبومين,Albumin,g/dL,None/None/None/None,,,القيمة أقل من نطاق المختبر في التقرير؛ لا تحدد السبب بمفردها.,القيمة أعلى من نطاق المختبر في التقرير؛ لا تحدد السبب بمفردها.,,
total_protein,البروتين الكلي,Total protein,g/dL,None/None/None/None,,,القيمة أقل من نطاق المختبر في التقرير؛ لا تحدد السبب بمفردها.,القيمة أعلى من نطاق المختبر في التقرير؛ لا تحدد السبب بمفردها.,,
chol_total,الكوليسترول الكلي,Total cholesterol,mg/dL,None/None/None/None,,,القيمة أقل من نطاق المختبر في التقرير؛ لا تحدد السبب بمفردها.,القيمة أعلى من نطاق المختبر في التقرير؛ لا تحدد السبب بمفردها.,,
ldl,LDL,LDL cholesterol,mg/dL,None/None/None/None,,,القيمة أقل من نطاق المختبر في التقرير؛ لا تحدد السبب بمفردها.,القيمة أعلى من نطاق المختبر في التقرير؛ لا تحدد السبب بمفردها.,,
hdl,HDL,HDL cholesterol,mg/dL,None/None/None/None,,,القيمة أقل من نطاق المختبر في التقرير؛ لا تحدد السبب بمفردها.,القيمة أعلى من نطاق المختبر في التقرير؛ لا تحدد السبب بمفردها.,,
triglycerides,الدهون الثلاثية,Triglycerides,mg/dL,None/None/None/None,,,القيمة أقل من نطاق المختبر في التقرير؛ لا تحدد السبب بمفردها.,القيمة أعلى من نطاق المختبر في التقرير؛ لا تحدد السبب بمفردها.,,
sodium,الصوديوم,Sodium,mmol/L,None/None/None/None,,,القيمة أقل من نطاق المختبر في التقرير؛ لا تحدد السبب بمفردها.,القيمة أعلى من نطاق المختبر في التقرير؛ لا تحدد السبب بمفردها.,,
potassium,البوتاسيوم,Potassium,mmol/L,None/None/None/None,,,القيمة أقل من نطاق المختبر في التقرير؛ لا تحدد السبب بمفردها.,القيمة أعلى من نطاق المختبر في التقرير؛ لا تحدد السبب بمفردها.,,
chloride,الكلوريد,Chloride,mmol/L,None/None/None/None,,,القيمة أقل من نطاق المختبر في التقرير؛ لا تحدد السبب بمفردها.,القيمة أعلى من نطاق المختبر في التقرير؛ لا تحدد السبب بمفردها.,,
calcium,الكالسيوم,Calcium,mg/dL,None/None/None/None,,,القيمة أقل من نطاق المختبر في التقرير؛ لا تحدد السبب بمفردها.,القيمة أعلى من نطاق المختبر في التقرير؛ لا تحدد السبب بمفردها.,,
co2,ثاني أكسيد الكربون CO2,CO2 / bicarbonate,mmol/L,None/None/None/None,,,القيمة أقل من نطاق المختبر في التقرير؛ لا تحدد السبب بمفردها.,القيمة أعلى من نطاق المختبر في التقرير؛ لا تحدد السبب بمفردها.,,
ferritin,الفيريتين,Ferritin,ng/mL,None/None/None/None,,,القيمة أقل من نطاق المختبر في التقرير؛ لا تحدد السبب بمفردها.,القيمة أعلى من نطاق المختبر في التقرير؛ لا تحدد السبب بمفردها.,,
b12,فيتامين B12,Vitamin B12,pg/mL,None/None/None/None,,,القيمة أقل من نطاق المختبر في التقرير؛ لا تحدد السبب بمفردها.,القيمة أعلى من نطاق المختبر في التقرير؛ لا تحدد السبب بمفردها.,,
vitd,فيتامين D,Vitamin D,ng/mL,None/None/None/None,,,القيمة أقل من نطاق المختبر في التقرير؛ لا تحدد السبب بمفردها.,القيمة أعلى من نطاق المختبر في التقرير؛ لا تحدد السبب بمفردها.,,
tsh,هرمون TSH,TSH,mIU/L,None/None/None/None,,,القيمة أقل من نطاق المختبر في التقرير؛ لا تحدد السبب بمفردها.,القيمة أعلى من نطاق المختبر في التقرير؛ لا تحدد السبب بمفردها.,,
iron,الحديد,Iron,umol/L,None/None/None/None,,,,,,
mpv,متوسط حجم الصفائح,Mean platelet volume (MPV),fL,None/None/None/None,,,,,,
mono,الوحيدات,Monocytes,%,None/None/None/None,,,,,,
eos,الحمضات,Eosinophils,%,None/None/None/None,,,,,,
baso,القاعديات,Basophils,%,None/None/None/None,,,,,,
free_t4,هرمون Free T4,Free T4,ng/dL,None/None/None/None,,,القيمة أقل من نطاق المختبر في التقرير؛ لا تحدد السبب بمفردها.,القيمة أعلى من نطاق المختبر في التقرير؛ لا تحدد السبب بمفردها.,,
crp,البروتين المتفاعل C (CRP),C-reactive protein (CRP),mg/L,None/None/None/None,,,القيمة أقل من نطاق المختبر في التقرير؛ لا تحدد السبب بمفردها.,القيمة أعلى من نطاق المختبر في التقرير؛ لا تحدد السبب بمفردها.,,
esr,سرعة ترسيب الدم (ESR),Erythrocyte sedimentation rate (ESR),mm/hr,None/None/None/None,,,القيمة أقل من نطاق المختبر في التقرير؛ لا تحدد السبب بمفردها.,القيمة أعلى من نطاق المختبر في التقرير؛ لا تحدد السبب بمفردها.,,
magnesium,المغنيسيوم,Magnesium,mg/dL,None/None/None/None,,,القيمة أقل من نطاق المختبر في التقرير؛ لا تحدد السبب بمفردها.,القيمة أعلى من نطاق المختبر في التقرير؛ لا تحدد السبب بمفردها.,,
phosphate,الفوسفات,Phosphate,mg/dL,None/None/None/None,,,القيمة أقل من نطاق المختبر في التقرير؛ لا تحدد السبب بمفردها.,القيمة أعلى من نطاق المختبر في التقرير؛ لا تحدد السبب بمفردها.,,
uric_acid,حمض اليوريك,Uric acid,mg/dL,None/None/None/None,,,القيمة أقل من نطاق المختبر في التقرير؛ لا تحدد السبب بمفردها.,القيمة أعلى من نطاق المختبر في التقرير؛ لا تحدد السبب بمفردها.,,
ggt,إنزيم GGT,GGT,U/L,None/None/None/None,,,القيمة أقل من نطاق المختبر في التقرير؛ لا تحدد السبب بمفردها.,القيمة أعلى من نطاق المختبر في التقرير؛ لا تحدد السبب بمفردها.,,
lipase,إنزيم الليباز,Lipase,U/L,None/None/None/None,,,القيمة أقل من نطاق المختبر في التقرير؛ لا تحدد السبب بمفردها.,القيمة أعلى من نطاق المختبر في التقرير؛ لا تحدد السبب بمفردها.,,
folate,الفولات,Folate,ng/mL,None/None/None/None,,,القيمة أقل من نطاق المختبر في التقرير؛ لا تحدد السبب بمفردها.,القيمة أعلى من نطاق المختبر في التقرير؛ لا تحدد السبب بمفردها.,,
anc,العدد المطلق للعدلات (ANC),Absolute neutrophil count (ANC),10^9/L,None/None/None/None,,,القيمة أقل من نطاق المختبر في التقرير؛ لا تحدد السبب بمفردها.,القيمة أعلى من نطاق المختبر في التقرير؛ لا تحدد السبب بمفردها.,,
troponin,التروبونين القلبي,Cardiac troponin,ng/L,None/None/None/None,,,القيمة أقل من نطاق المختبر في التقرير؛ لا تحدد السبب بمفردها.,القيمة أعلى من نطاق المختبر في التقرير؛ لا تحدد السبب بمفردها.,,
