type,slug,name_ar,name_en,severity/level,description_or_message_ar,red_flags_or_keywords_ar,next_step_ar,decision (approve / edit / reject),clinician notes
disease,chronic-kidney-disease-pattern,نمط أعراض قد يرتبط بمرض الكلى المزمن,Chronic kidney disease symptom pattern,moderate,مرض الكلى المزمن قد لا يسبب أعراضًا مبكرًا، وعندما يتقدم قد تظهر تغيرات في البول أو تورم أو تعب وأعراض أخرى. لا يمكن تأكيده بالأعراض وحدها ويعتمد التقييم على فحوص الدم والبول والسياق الطبي.,قلة بول شديدة مع تدهور عام أو ضيق نفس شديد أو تورم سريع يحتاج تقييمًا سريعًا.,راجع الطبيب إذا كانت تغيرات البول أو التورم أو التعب مستمرة، خاصةً مع السكري أو الضغط أو نتائج كلى غير طبيعية.,,
disease,heart-failure-pattern,نمط أعراض قد يرتبط بقصور القلب,Heart-failure symptom pattern,moderate,قد يجتمع ضيق النفس مع تورم الساقين أو الكاحلين والتعب وصعوبة التنفس عند الاستلقاء في حالات قلبية متعددة، ومنها قصور القلب. هذا النمط لا يثبت التشخيص ويحتاج تقييمًا سريريًا.,ضيق نفس شديد في الراحة، ألم صدر شديد، فقد الوعي، أو تدهور سريع يحتاج رعاية طارئة.,احجز تقييمًا طبيًا إذا كان ضيق النفس أو التورم جديدًا أو متزايدًا، واطلب الطوارئ فورًا عند علامات الخطر.,,
disease,tinnitus-pattern,نمط طنين الأذن,Tinnitus pattern,mild,سماع رنين أو أزيز أو صوت دون مصدر خارجي يسمى طنين الأذن. قد يكون مؤقتًا أو مستمرًا وله أسباب متعددة.,فقد السمع المفاجئ أو أعراض عصبية جديدة مع الطنين تحتاج تقييمًا عاجلًا.,راجع مختصًا إذا كان الطنين مستمرًا أو يزداد أو يؤثر على النوم والتركيز، خصوصًا إذا كان في أذن واحدة.,,
disease,vaginal-dryness-pattern,نمط الجفاف المهبلي,Vaginal dryness pattern,mild,الجفاف المهبلي قد يسبب انزعاجًا أو حكة أو ألمًا أثناء العلاقة، وقد يرتبط بتغيرات هرمونية أو أدوية أو عوامل أخرى.,نزيف بعد انقطاع الدورة أو ألم شديد مع حرارة يحتاج تقييمًا سريعًا.,تجنب المنتجات المعطرة المهيجة، ويمكن مناقشة المرطبات أو المزلقات المناسبة مع الصيدلي/الطبيب إذا استمر الجفاف.,,
disease,missed-late-period-pattern,تأخر أو غياب الدورة,Missed or late period pattern,mild,تأخر الدورة أو غيابها شائع وله أسباب متعددة تشمل الحمل والتوتر وتغير الوزن والرياضة وبعض الحالات الهرمونية.,ألم شديد أو إغماء أو نزيف غير معتاد مع احتمال حمل يحتاج رعاية عاجلة.,إذا كان الحمل ممكنًا فاختبار الحمل خطوة أولى مناسبة؛ راجعي الطبيب إذا تكرر الغياب أو ظهرت أعراض أخرى.,,
disease,shin-splints-pattern,نمط ألم قصبة الساق مع الرياضة,Shin splints pattern,mild,ألم مقدمة الساق أو جانب القصبة بعد الجري أو زيادة التمرين قد يتوافق مع shin splints، خاصة بعد تغير مفاجئ في الحمل الرياضي.,ألم شديد بعد إصابة أو عدم القدرة على المشي يحتاج تقييمًا عاجلًا نسبيًا.,أوقف النشاط المسبب مؤقتًا وارجع له تدريجيًا بعد التحسن؛ راجع مختصًا إذا استمر الألم أو كان شديدًا.,,
disease,repetitive-strain-injury-pattern,إجهاد الحركة المتكررة,Repetitive strain injury pattern,mild,الألم أو التيبس أو الوخز المرتبط بحركة متكررة في العمل أو الدراسة قد يتوافق مع إصابة إجهاد متكرر، لكن توجد أسباب أخرى للألم والتنميل.,ضعف متزايد أو فقد إحساس مستمر يستدعي تقييمًا طبيًا.,قلل الحركة المحفزة مؤقتًا وحسّن الوضعية وفترات الراحة، وراجع مختصًا إذا استمر الألم أو التنميل.,,
disease,frozen-shoulder-pattern,نمط الكتف المتجمد,Frozen shoulder pattern,moderate,الكتف المتجمد يسبب ألمًا وتيبسًا متزايدين مع محدودية حركة الكتف، وغالبًا يتطور تدريجيًا.,ألم الكتف مع ألم صدر أو ضيق نفس، أو ضعف مفاجئ بالذراع يحتاج تقييمًا عاجلًا.,راجع الطبيب أو العلاج الطبيعي إذا استمر التيبس أو صعّب الحركة؛ الحركة المناسبة تدريجيًا جزء مهم من العلاج.,,
disease,hyperhidrosis-pattern,نمط التعرق المفرط,Hyperhidrosis pattern,mild,التعرق المفرط يعني تعرقًا أكثر مما يحتاجه الجسم للتبريد وقد يصيب الإبطين أو اليدين أو القدمين أو مناطق أخرى.,التعرق مع ألم صدر أو ضيق نفس أو إغماء يستدعي تقييمًا عاجلًا.,راجع الطبيب إذا بدأ فجأة أو يزعج الحياة اليومية أو يحدث أثناء النوم دون سبب واضح.,,
disease,catarrh-postnasal-pattern,نمط احتقان ومخاط خلف الأنف,Catarrh / post-nasal mucus pattern,mild,تجمع المخاط في الأنف والجيوب أو نزوله خلف الحلق قد يسبب إحساسًا بانسداد الأنف أو بلغم عالق أو تنحنح متكرر.,صعوبة التنفس الشديدة أو تورم الوجه السريع تستدعي رعاية عاجلة.,السوائل وغسل الأنف بالمحلول الملحي قد يساعدان؛ راجع مختصًا إذا استمرت الأعراض لأسابيع أو كانت شديدة.,,
disease,chilblains-pattern,تورمات البرد (الشرث),Chilblains pattern,mild,قد تظهر بقع حاكة أو مؤلمة ومتورمة على أصابع اليدين أو القدمين بعد التعرض للبرد، وغالبًا تتحسن خلال أسابيع.,اسوداد الأصابع أو ألم شديد مستمر يحتاج تقييمًا عاجلًا للدورة الدموية.,حافظ على دفء الجسم تدريجيًا وتجنب التسخين المباشر الشديد؛ راجع الطبيب إذا لم تتحسن أو تكررت كثيرًا.,,
disease,boil-skin-abscess-pattern,دمل أو خراج جلدي سطحي,Boil or superficial skin abscess pattern,moderate,الدمل كتلة جلدية مؤلمة مملوءة بالقيح بسبب عدوى حول بصيلة الشعر، وقد تكبر أو تنتشر أحيانًا.,تدهور عام أو انتشار سريع للالتهاب مع حرارة يحتاج رعاية عاجلة.,لا تعصر الدمل؛ يمكن استخدام كمادات دافئة بلطف، وراجع مختصًا إذا كان كبيرًا أو مؤلمًا جدًا أو لم يتحسن.,,
disease,insect-bite-sting-pattern,قرصة أو لسعة حشرة,Insect bite or sting pattern,mild,قرصات ولسعات الحشرات غالبًا تسبب حبة أو تورمًا موضعيًا مع حكة أو ألم بسيط، لكنها قد تسبب حساسية أو عدوى أحيانًا.,علامات الحساسية الشديدة مثل صعوبة التنفس أو تورم الفم/الحلق تستدعي الطوارئ فورًا.,نظف المنطقة وتجنب الحك، واطلب نصيحة إذا زاد الاحمرار أو الألم أو ظهرت علامات حساسية أو عدوى.,,
disease,sunburn-pattern,حرق الشمس,Sunburn pattern,mild,حرق الشمس يسبب جلدًا أحمر أو مؤلمًا بعد التعرض للأشعة فوق البنفسجية، وقد تظهر فقاعات في الحالات الأشد.,ارتباك، إغماء أو أعراض ضربة حرارة مع التعرض للشمس تستدعي رعاية عاجلة.,ابتعد عن الشمس، برّد الجلد بلطف واشرب السوائل، وتجنب فرقعة الفقاعات؛ اطلب المساعدة إذا كان الحرق شديدًا.,,
disease,heat-rash-pattern,الطفح الحراري,Heat rash pattern,mild,الطفح الحراري يسبب حبوبًا صغيرة مع حكة أو إحساس لاذع بعد التعرض للحر والتعرق، وغالبًا يتحسن مع تبريد الجلد.,علامات عدوى أو تدهور عام تستدعي تقييمًا طبيًا سريعًا.,حافظ على برودة وجفاف الجلد وارتدِ ملابس خفيفة؛ اطلب المشورة إذا لم يتحسن أو ظهرت علامات عدوى.,,
disease,salivary-gland-obstruction-pattern,نمط انسداد أو اضطراب الغدة اللعابية,Salivary gland obstruction pattern,moderate,تورم أو ألم تحت الفك أو قرب الأذن يزداد مع الأكل قد يرتبط بانسداد قناة لعابية أو اضطراب بالغدة، لكن يحتاج فحصًا للتأكد.,تورم سريع بالرقبة أو الفم مع صعوبة البلع أو التنفس يستدعي الطوارئ.,إذا تكرر التورم مع الوجبات أو استمر، راجع طبيب الأسنان أو الأنف والأذن أو الطبيب للتقييم.,,
disease,burning-mouth-syndrome-pattern,نمط حرقة الفم,Burning mouth syndrome pattern,mild,حرقة الفم أو اللسان المستمرة قد ترتبط بمتلازمة حرقة الفم، لكن توجد أسباب أخرى مثل جفاف الفم أو العدوى أو نقص بعض العناصر أو الأدوية.,تورم سريع أو صعوبة التنفس/البلع تستدعي رعاية عاجلة.,راجع طبيب الأسنان أو الطبيب إذا استمرت الحرقة، خاصة دون سبب واضح، لتقييم الفم والأدوية والعوامل الأخرى.,,
disease,bruxism-pattern,نمط صرير أو ضغط الأسنان,Bruxism pattern,mild,صرير أو ضغط الأسنان قد يحدث أثناء النوم أو اليقظة وقد يرتبط بتعب الفك أو ألم الرأس أو تآكل الأسنان.,تورم الوجه أو ألم شديد متفاقم أو صعوبة البلع/التنفس تستدعي تقييمًا سريعًا.,إذا كان الصرير متكررًا أو يسبب ألمًا صباحيًا أو تآكلًا بالأسنان، راجع طبيب الأسنان للتقييم وخيارات الحماية.,,
disease,tooth-decay-pattern,نمط تسوس الأسنان,Tooth decay pattern,mild,قد يبدأ تسوس الأسنان دون أعراض، ثم يسبب حساسية أو ألمًا أو حفرة/بقعة في السن مع تطوره. لا يمكن تأكيده من الأعراض فقط.,تورم سريع أو صعوبة التنفس/البلع مع أعراض سنية تستدعي رعاية عاجلة.,احجز فحص أسنان إذا استمرت الحساسية أو الألم أو لاحظت حفرة؛ الوقاية تشمل تنظيف الأسنان بالفلورايد وتقليل السكريات المتكررة.,,
disease,raynauds-pattern,نمط رينو مع البرد,Raynaud's pattern,mild,في رينو قد تتغير ألوان أصابع اليدين أو القدمين مع البرد أو التوتر وتصبح باردة أو مخدرة، لكن تغير اللون قد تكون له أسباب أخرى.,تقرحات أو اسوداد الأصابع أو ألم شديد لا يزول يحتاج رعاية عاجلة.,حافظ على الدفء وتجنب التغير المفاجئ بالحرارة، وراجع مختصًا إذا بدأت الأعراض حديثًا أو كانت شديدة.,,
disease,common-hair-loss-pattern,نمط تساقط الشعر الشائع,Common hair-loss pattern,mild,تساقط الشعر شائع وله أسباب متعددة؛ بعض الأنماط مؤقتة بعد مرض أو ضغط جسدي، وبعضها وراثي أو مرتبط بنقص أو تغير هرموني أو علاج.,التساقط المفاجئ الشديد أو التهاب/ندبات فروة الرأس يحتاج تقييمًا.,راقب نمط ومدة التساقط وراجع مختصًا إذا كان مفاجئًا أو مقلقًا أو مستمرًا؛ تحديد السبب يسبق اختيار العلاج.,,
disease,varicose-veins,دوالي الساقين,Varicose veins,mild,الدوالي أوردة متوسعة وملتوية تحت الجلد، وغالبًا تكون بالساقين وقد تسبب ثقلًا أو وجعًا أو حكة أو تورمًا.,نزف من الوريد أو تورم ساق مفاجئ ومؤلم مع ضيق تنفس يحتاج رعاية عاجلة.,الحركة ورفع الساق قد يساعدان الأعراض؛ راجع مختصًا إذا كان هناك ألم أو حكة أو تورم أو تدهور.,,
disease,common-leg-cramps,تشنجات الساق الشائعة,Common leg cramps,mild,تشنج الساق ألم مفاجئ بسبب تقلص العضلة، وغالبًا يكون قصيرًا وقد يحدث ليلًا. تكراره الشديد يحتاج تقييمًا للأسباب المحتملة.,تورم مؤلم بساق واحدة مع ضيق نفس أو ألم صدر يستدعي رعاية عاجلة.,التمدد اللطيف قد يساعد أثناء التشنج، وراجع مختصًا إذا كانت التشنجات متكررة جدًا أو تعطل النوم.,,
disease,perimenopause-symptom-pattern,نمط أعراض ما قبل/حول انقطاع الدورة,Perimenopause symptom pattern,mild,قد تتغير الدورة ويظهر معها هبات ساخنة أو تعرق ليلي أو تغيرات النوم والمزاج خلال مرحلة ما قبل انقطاع الدورة، لكن هذه الأعراض لها أسباب أخرى أيضًا.,نزيف غير معتاد شديد أو بعد انقطاع الدورة يحتاج تقييمًا طبيًا.,تتبعي الدورة والهبات والنوم، وناقشي الأعراض مع مختص إذا أثرت على حياتك أو كان نمط النزف غير معتاد.,,
disease,urinary-incontinence-pattern,نمط تسرب البول,Urinary incontinence pattern,mild,تسرب البول دون قصد شائع وله أنماط مختلفة، مثل التسرب مع الكحة/الضحك أو بعد إلحاح مفاجئ للتبول.,تغير مفاجئ مع ضعف أو خدر عصبي، حرارة وألم شديد، أو احتباس بول يحتاج تقييمًا سريعًا.,دوّن متى يحدث التسرب وما يحفزه وعدد مرات التبول، وراجع مختصًا لتحديد النوع وخيارات العلاج.,,
disease,oral-thrush,فطريات الفم,Oral thrush,mild,فطريات الفم قد تظهر كبقع بيضاء داخل الفم مع احمرار أو ألم أو تغير في الطعم، لكن توجد أسباب أخرى للبقع البيضاء.,صعوبة البلع أو انتشار الأعراض مع ضعف المناعة يستدعي تقييمًا طبيًا.,استشر الصيدلي أو الطبيب للتأكد من السبب والعلاج المناسب، خصوصًا إذا لم تتحسن خلال أسبوع.,,
disease,halitosis,رائحة الفم غير المستحبة,Bad breath (halitosis),mild,رائحة الفم شائعة وغالبًا ترتبط بالفم والأسنان أو جفاف الفم، وقد ترتبط أحيانًا باللوز أو الارتجاع.,تورم سريع بالوجه أو صعوبة التنفس/البلع تستدعي رعاية عاجلة.,حافظ على تنظيف الأسنان واللسان وخيط الأسنان، وراجع طبيب الأسنان إذا استمرت الرائحة لأسابيع أو معها ألم/نزف لثة.,,
disease,persistent-hiccups,الحازوقة (الفواق),Hiccups,mild,الحازوقة شائعة وغالبًا تزول خلال دقائق، لكنها تحتاج مراجعة إذا استمرت طويلًا أو تكررت بشكل يؤثر على الحياة.,استمرارها أكثر من 48 ساعة أو وجود أعراض عصبية أو تنفسية جديدة يحتاج تقييمًا.,راقب المدة وتجنب المحفزات التي لاحظتها، وراجع الطبيب إذا تجاوزت 48 ساعة أو عادت كثيرًا.,,
disease,eye-floaters-flashes,عوامات أو ومضات في مجال النظر,Floaters or flashes in vision,moderate,العوامات والومضات قد تكون شائعة وغير خطرة أحيانًا، لكن ظهورها لأول مرة أو زيادتها المفاجئة يحتاج تقييمًا للعين لاستبعاد مشكلة في الشبكية.,ستارة أو ظل، تدهور الرؤية، ألم العين، أو زيادة مفاجئة واضحة تستدعي رعاية عاجلة.,إذا كانت جديدة أو زادت فجأة فاطلب تقييمًا عاجلًا للعين؛ أما الأعراض القديمة المستقرة فناقشها في فحص عيون روتيني.,,
disease,earwax-build-up,تراكم شمع الأذن,Earwax build-up,mild,تراكم شمع الأذن قد يسبب إحساسًا بانسداد الأذن أو نقص السمع، وأحيانًا طنينًا أو دوخة. لا يمكن تأكيد السبب من الأعراض وحدها.,فقدان السمع المفاجئ أو تدهور سريع يحتاج تقييمًا عاجلًا.,تجنب إدخال أعواد أو أدوات داخل الأذن واستشر الصيدلي أو الطبيب إذا استمر الانسداد أو ضعف السمع.,,
disease,simple-sore-throat-pattern,التهاب أو ألم الحلق الشائع,Common sore throat pattern,mild,ألم الحلق شائع وغالبًا يرتبط بعدوى فيروسية أو تهيج، وقد يصاحبه ألم عند البلع أو جفاف أو سعال بسيط.,ضيق تنفس أو عدم القدرة على البلع أو أعراض شديدة تتفاقم بسرعة تستدعي طوارئ.,السوائل والراحة قد تساعد، وراجع مختصًا إذا لم يتحسن خلال نحو أسبوع أو كان متكررًا/شديدًا.,,
disease,breast-pain-pattern,ألم الثدي,Breast pain pattern,mild,ألم الثدي شائع وغالبًا يرتبط بتغيرات الدورة، لكنه قد يرتبط أيضًا بإصابة أو دواء أو حالات أخرى.,كتلة جديدة ثابتة أو تغير الجلد/الحلمة أو حرارة مع احمرار شديد يحتاج تقييمًا سريعًا.,راقبي ارتباط الألم بالدورة وراجعي مختصًا إذا لم يتحسن أو ظهرت أي علامة جديدة في الثدي.,,
disease,nosebleed-pattern,الرعاف (نزيف الأنف),Nosebleed pattern,mild,الرعاف شائع وغالبًا بسيط، وقد يحدث مع جفاف الأنف أو العبث به أو إصابة خفيفة أو أسباب أخرى.,نزيف غزير أو مستمر مع دوخة أو بعد ضربة للرأس يحتاج تقييمًا عاجلًا.,اجلس للأمام واضغط على الجزء اللين من الأنف باستمرار، واطلب مساعدة إذا لم يتوقف أو تكرر كثيرًا.,,
disease,dry-mouth-pattern,جفاف الفم,Dry mouth pattern,mild,جفاف الفم شائع وقد يرتبط بالجفاف أو بعض الأدوية أو التنفس من الفم أو القلق، وأحيانًا حالات صحية أخرى.,جفاف شديد مع علامات جفاف عام يحتاج تقييمًا طبيًا.,اشرب سوائل بانتظام وراجع الأدوية مع مختص، واطلب تقييمًا إذا استمر الجفاف أو ترافق مع عطش وتبول متكرر.,,
disease,functional-dyspepsia-pattern,عسر الهضم,Indigestion pattern,mild,عسر الهضم قد يظهر كحرقة أو امتلاء وانتفاخ وغثيان وتجشؤ، خصوصًا بعد الطعام أو الشراب.,قيء دموي أو براز أسود أو ألم شديد مفاجئ يحتاج رعاية عاجلة.,راقب ارتباط الأعراض بالطعام وراجع مختصًا إذا كانت متكررة أو مستمرة أو تزداد.,,
disease,anal-fissure,شق شرجي,Anal fissure,mild,الشق الشرجي تمزق صغير قد يسبب ألمًا حادًا أثناء التبرز وحرقانًا بعده مع دم أحمر فاتح.,نزيف كبير أو ألم شديد مستمر أو علامات عدوى تحتاج تقييمًا.,حافظ على ليونة البراز بالسوائل والألياف، وراجع مختصًا إذا لم يتحسن أو تكرر النزيف.,,
disease,bacterial-vaginosis-pattern,نمط اختلال البكتيريا المهبلية (BV),Bacterial vaginosis pattern,mild,BV سبب شائع لتغير الإفرازات ورائحتها، وغالبًا تكون الإفرازات رقيقة مع رائحة قوية. التشخيص يحتاج تقييمًا لأن الأسباب تتشابه.,ألم حوض شديد أو حمى أو نزيف غير معتاد يحتاج تقييمًا عاجلًا.,راجعي مختصًا للتأكد من السبب، خصوصًا في الحمل أو إذا كانت الأعراض جديدة.,,
disease,vaginal-thrush-pattern,نمط فطريات المهبل,Vaginal thrush pattern,mild,الفطريات المهبلية قد تسبب حكة وتهيجًا مع إفرازات بيضاء سميكة غالبًا دون رائحة قوية، لكن الأعراض قد تشبه أسبابًا أخرى.,حمى أو ألم حوض شديد أو أعراض عامة شديدة ليست نموذجية وتحتاج تقييمًا.,راجعي مختصًا إذا كانت أول مرة أو لم تكوني متأكدة من السبب، وتجنبي التشخيص الذاتي عند وجود رائحة قوية أو ألم حوض.,,
disease,irregular-periods-pattern,عدم انتظام الدورة,Irregular periods pattern,mild,تغير الفاصل بين الدورات أو تغير النمط المعتاد قد يحدث لأسباب طبيعية أو هرمونية أو مرتبطة بالوزن أو التوتر أو أدوية.,نزف شديد أو ألم حوض شديد أو إغماء يحتاج رعاية عاجلة.,تتبعي مواعيد الدورة وراجعي مختصًا إذا تغير نمطك المعتاد أو طال الانقطاع أو ظهرت أعراض أخرى.,,
disease,heavy-menstrual-bleeding-pattern,غزارة الدورة الشهرية,Heavy menstrual bleeding pattern,moderate,غزارة الدورة قد تعني نزفًا أكثر أو أطول من المعتاد وقد تؤثر في النشاط اليومي أو تسبب فقر الدم.,نزف غزير سريع أو إغماء أو ضعف شديد يحتاج رعاية عاجلة.,راجعي مختصًا إذا كانت الدورة تؤثر على حياتك أو استمرت أكثر من المعتاد أو ترافقت مع تعب واضح.,,
disease,premenstrual-syndrome-pattern,أعراض ما قبل الدورة (PMS),Premenstrual syndrome pattern,mild,PMS هو نمط أعراض جسدية ومزاجية يتكرر قبل الدورة ويخف بعد بدايتها، وقد يختلف من شهر لآخر.,أفكار إيذاء النفس أو أعراض شديدة جدًا تستدعي مساعدة فورية.,تتبعي الأعراض مع موعد الدورة لعدة دورات وراجعي مختصًا إذا أثرت على حياتك اليومية.,,
disease,warts-verrucas,الثآليل الجلدية,Warts and verrucas,mild,الثآليل نتوءات جلدية صغيرة وخشنة غالبًا، وقد تظهر في اليدين أو القدمين وتختفي أحيانًا تلقائيًا مع الوقت.,تغير سريع أو نزف غير معتاد في كتلة جلدية يحتاج فحصًا.,تجنب العبث بها واستشر الصيدلي/الطبيب إذا كانت مؤلمة أو متكررة أو تغيرت.,,
disease,fungal-nail-infection,فطريات الأظافر,Fungal nail infection,mild,فطريات الأظافر قد تجعل الظفر سميكًا أو متغير اللون أو هشًا، وتكثر مع الرطوبة أو فطريات القدم.,احمرار منتشر أو قيح أو حمى تحتاج تقييمًا طبيًا.,حافظ على القدم جافة ونظيفة واستشر الصيدلي أو الطبيب إذا لم تتحسن أو كان الظفر شديد التأثر.,,
disease,ingrown-toenail,ظفر القدم النامي للداخل,Ingrown toenail,mild,الظفر النامي للداخل يحدث عندما تدخل حافة الظفر في الجلد وقد يسبب ألمًا واحمرارًا وتورمًا.,انتشار التهاب بالقدم أو حرارة عامة يحتاج تقييمًا سريعًا.,حافظ على القدم نظيفة وجافة وتجنب قص الزوايا بعمق؛ راجع مختصًا إذا استمر الألم أو ظهر التهاب.,,
disease,cold-sore,قرحة البرد حول الشفاه,Cold sore,mild,قرحة البرد غالبًا تبدأ بوخز أو حكة ثم تظهر فقاعات مؤلمة حول الشفاه أو الوجه.,ألم أو احمرار بالعين مع قرح الوجه يحتاج تقييمًا عاجلًا.,تجنب لمس القرحة ومشاركة الأدوات الشخصية، وراجع مختصًا إذا كانت شديدة أو متكررة أو قرب العين.,,
disease,ringworm,السعفة (فطريات جلدية حلقية),Ringworm,mild,السعفة عدوى فطرية شائعة قد تسبب طفحًا دائريًا متقشرًا أو حاكًا، وليست بسبب ديدان.,علامات عدوى ثانوية شديدة مثل ألم متزايد أو قيح أو حمى تحتاج تقييمًا.,استشر الصيدلي/الطبيب للعلاج المناسب، خاصة لفروة الرأس أو إذا لم يتحسن الطفح.,,
disease,stye,شعيرة أو دمل الجفن,Stye,mild,الشعيرة كتلة صغيرة مؤلمة على الجفن غالبًا بسبب التهاب بصيلة رمش أو غدة بالجفن.,تغير الرؤية أو تورم شديد ممتد حول العين يحتاج تقييمًا عاجلًا.,كمادات دافئة ونظافة اليدين، ولا تحاول عصرها. راجع مختصًا إذا لم تتحسن أو كانت شديدة.,,
disease,common-shoulder-pain-pattern,نمط ألم الكتف الشائع,Common shoulder pain pattern,mild,ألم الكتف شائع وقد يرتبط بإجهاد الأوتار أو الجراب أو تيبس المفصل أو إصابة بسيطة.,ألم شديد بعد إصابة أو ضعف مفاجئ بالذراع يستدعي تقييمًا عاجلًا.,استمر بحركة لطيفة وتجنب ما يزيد الألم، وراجع مختصًا إذا لم يبدأ التحسن خلال نحو أسبوعين.,,
disease,common-knee-pain-pattern,نمط ألم الركبة الشائع,Common knee pain pattern,mild,ألم الركبة قد ينتج عن إجهاد أو إصابة بسيطة أو أسباب مفصلية متعددة، ويحتاج السياق والفحص لتحديد السبب.,ركبة حارة ومتورمة مع حرارة عامة أو إصابة قوية تحتاج تقييمًا عاجلًا.,خفف النشاط المهيج وراقب التحسن؛ راجع مختصًا إذا لم يتحسن الألم خلال أسابيع أو كان شديدًا.,,
disease,mechanical-low-back-pain,ألم أسفل الظهر الميكانيكي,Mechanical low back pain,mild,ألم أسفل الظهر شائع وقد يرتبط بإجهاد العضلات أو الحركة والوضعيات. وجود العرض لا يحدد السبب وحده.,ألم بعد إصابة كبيرة، ضعف عصبي جديد، أو مشاكل التحكم بالبول/البراز تحتاج رعاية عاجلة.,حافظ على حركة لطيفة وتجنب الحمل المجهد، وراجع مختصًا إذا استمر الألم أو كان شديدًا.,,
disease,sudden-hearing-loss-warning-pattern,نمط تحذيري لفقدان السمع المفاجئ,Sudden hearing loss warning pattern,severe,فقدان السمع السريع خلال ساعات أو أيام، خصوصًا في أذن واحدة، يحتاج تقييمًا طبيًا عاجلًا ولا ينبغي افتراض أنه مجرد شمع أو احتقان.,فقدان السمع المفاجئ حالة تستدعي مراجعة طبية فورية.,اطلب تقييمًا طبيًا اليوم/فورًا إذا فقدت السمع فجأة، خصوصًا في أذن واحدة.,,
disease,noise-induced-hearing-loss,ضعف السمع المرتبط بالضوضاء,Noise-induced hearing loss,moderate,التعرض للأصوات العالية قد يسبب ضعفًا تدريجيًا أو أحيانًا فوريًا في السمع، وقد يترافق مع طنين.,فقدان السمع المفاجئ في أذن واحدة أو كلتيهما يحتاج تقييمًا طبيًا عاجلًا.,ابتعد عن الضوضاء العالية واستخدم حماية السمع، واطلب فحص سمع عند وجود ضعف أو طنين مستمر.,,
disease,otitis-externa,التهاب قناة الأذن الخارجية,Otitis externa,moderate,التهاب الأذن الخارجية يصيب قناة الأذن وقد يسبب ألمًا يزداد مع لمس الأذن أو تحريكها مع إفرازات أو سمع مكتوم.,ألم شديد أو تورم ممتد أو حرارة عامة أو ضعف مناعة يستدعي تقييمًا مبكرًا.,تجنب إدخال أدوات داخل الأذن واطلب تقييمًا إذا استمر الألم أو ظهرت إفرازات أو ضعف سمع.,,
disease,scabies,الجرب,Scabies,moderate,الجرب طفح شديد الحكة يسببه عث صغير وينتقل غالبًا بالمخالطة الجلدية القريبة.,طفح متقشر شديد لدى ضعيف المناعة أو علامات عدوى جلدية تحتاج مراجعة طبية.,استشر الصيدلي أو الطبيب للعلاج المناسب وعلاج المخالطين وفق الإرشادات لتقليل الانتقال.,,
disease,acne-vulgaris,حب الشباب,Acne,mild,حب الشباب حالة جلدية شائعة تسبب رؤوسًا سوداء أو بيضاء وبثورًا وقد تظهر عقد مؤلمة في الحالات الأشد.,الكتل العميقة المؤلمة أو الندبات أو التأثير النفسي الكبير تستدعي مراجعة مختص.,استشر الصيدلي للحالات البسيطة، وراجع الطبيب إذا كان حب الشباب متوسطًا أو شديدًا أو يترك ندبات.,,
disease,allergic-conjunctivitis,التهاب الملتحمة التحسسي,Allergic conjunctivitis,mild,الحساسية قد تهيّج العين وتسبب احمرارًا وحكة ودموعًا، وقد تترافق مع أعراض حساسية الأنف.,ألم متوسط أو شديد، حساسية شديدة للضوء أو تشوش الرؤية يستدعي مراجعة طبية.,تجنب المهيجات المعروفة وراجع مختصًا إذا استمرت الأعراض أو أثرت في الرؤية.,,
disease,food-allergy-pattern,نمط قد يتوافق مع حساسية الطعام,Pattern compatible with food allergy,moderate,ظهور حكة بالفم أو شرى أو تورم بعد طعام معين قد يتوافق مع حساسية طعام، لكن تحديد المسبب يحتاج تقييمًا طبيًا.,تورم اللسان أو الحلق أو صعوبة التنفس بعد الطعام حالة طارئة.,توقف عن تناول الطعام المشتبه به واطلب تقييمًا؛ وإذا ظهرت علامات تنفسية أو تورم بالحلق فاتصل بالطوارئ فورًا.,,
disease,polycystic-ovary-syndrome-pattern,نمط قد يتوافق مع متلازمة تكيس المبايض (PCOS/PMOS),Pattern compatible with PCOS/PMOS,moderate,عدم انتظام الدورة مع علامات زيادة الأندروجين مثل الشعر الزائد أو حب الشباب قد يظهر ضمن PCOS/PMOS، لكن التشخيص يحتاج تقييمًا طبيًا وليس الأعراض وحدها.,نزيف شديد جدًا أو ألم حوض حاد مفاجئ يحتاج تقييمًا عاجلًا.,راجعي الطبيب عند تكرر عدم انتظام الدورة أو وجود شعر زائد/حب شباب شديد أو صعوبة حمل.,,
disease,endometriosis-pattern,نمط قد يتوافق مع بطانة الرحم المهاجرة,Pattern compatible with endometriosis,moderate,ألم الحوض والدورة المؤلمة أو ألم الجماع قد تظهر في بطانة الرحم المهاجرة، لكن هذه الأعراض لها أسباب عديدة ولا تؤكد التشخيص.,ألم حوض شديد مفاجئ أو نزيف شديد مع دوخة أو إغماء يحتاج تقييمًا عاجلًا.,راجعي مختصًا إذا كانت آلام الدورة أو الحوض تؤثر في نشاطك أو تستمر أو تزداد.,,
disease,peptic-ulcer-disease,قرحة المعدة أو الاثني عشر,Peptic ulcer disease,moderate,قرحة في بطانة المعدة أو الاثني عشر قد تسبب ألمًا أو حرقة أعلى البطن أو الشبع المبكر أو الغثيان. لا يمكن تأكيدها من الأعراض وحدها.,براز أسود قطراني أو قيء دم أو ألم شديد مفاجئ أو دوخة/إغماء يحتاج تقييمًا عاجلًا.,راجع الطبيب للأعراض المتكررة أو المستمرة، واطلب رعاية عاجلة عند علامات النزيف.,,
disease,motion-sickness,دوار الحركة,Motion sickness,mild,دوخة أو غثيان يحدثان أثناء السفر بالسيارة أو الطائرة أو القارب بسبب تعارض إشارات الحركة بين العين والأذن الداخلية.,إذا استمرت الدوخة خارج السفر أو ترافق معها ضعف أو صعوبة كلام أو فقدان سمع مفاجئ، يلزم تقييم عاجل.,خفف الحركة قدر الإمكان وانظر لنقطة ثابتة واطلب نصيحة مختص إذا كانت النوبات متكررة أو شديدة.,,
disease,heat-stroke-warning-pattern,نمط تحذيري لضربة الحر,Heat stroke warning pattern,severe,ضربة الحر أخطر أمراض الحرارة وقد تترافق مع اضطراب الوعي أو تشنج أو فقدان الوعي مع حرارة شديدة. هذا نمط أمان يستدعي التحرك العاجل.,ارتباك أو تشنج أو فقدان الوعي أو انهيار في الحر يستدعي الطوارئ فورًا.,اتصل بالطوارئ فورًا وابدأ التبريد الآمن أثناء انتظار المساعدة.,,
disease,heat-exhaustion,الإجهاد الحراري,Heat exhaustion,moderate,قد يحدث بعد فقدان الماء والملح مع التعرض للحر، وقد يسبب تعرقًا شديدًا ودوخة وصداعًا وغثيانًا وتعبًا. هذا نمط توعوي وليس تشخيصًا.,الارتباك أو التشنج أو فقدان الوعي أو حرارة جسم شديدة جدًا قد تشير لضربة حر وتحتاج طوارئ.,انتقل لمكان أبرد، أوقف المجهود، واطلب تقييمًا سريعًا إذا لم تتحسن الأعراض أو ظهرت علامات الخطر.,,
disease,bppv,الدوار الوضعي الانتيابي الحميد,Benign paroxysmal positional vertigo (BPPV),moderate,نوبات دوار قصيرة قد تُثار بحركات محددة للرأس، لكن الدوار الجديد يحتاج تقييمًا لاستبعاد أسباب أخرى.,الدوار مع ضعف أو تنميل جهة واحدة أو صعوبة الكلام أو فقدان الرؤية يحتاج طوارئ.,راجع مختصًا إذا كان الدوار جديدًا أو متكررًا، وتجنب القيادة أثناء النوبات.,,
disease,diverticulitis,التهاب الرتوج,Diverticulitis,moderate,التهاب الجيوب الصغيرة في جدار الأمعاء قد يسبب ألمًا مستمرًا غالبًا أسفل يسار البطن مع حرارة أو تغير في التبرز.,ألم شديد مع قيء أو انتفاخ وعدم القدرة على إخراج غازات أو براز، أو نزيف شديد، يستدعي الطوارئ.,اطلب تقييمًا طبيًا إذا كان الألم مستمرًا أو يزداد أو ترافق مع حرارة أو قيء.,,
disease,costochondritis,التهاب غضاريف القفص الصدري,Costochondritis,moderate,قد يسبب التهاب منطقة اتصال الأضلاع بعظمة الصدر ألمًا حادًا يزداد بالحركة أو التنفس أو الضغط على الصدر.,ألم صدر مفاجئ أو ضغط/ثقل أو ألم ينتشر للذراع أو الفك أو مع ضيق نفس يستدعي الطوارئ.,احصل على تقييم طبي لألم الصدر غير المفسر، حتى لو كان يزداد بالضغط أو الحركة.,,
disease,dehydration-pattern,الجفاف,Dehydration,moderate,فقدان السوائل أكثر من تعويضها قد يسبب عطشًا وجفاف الفم وقلة البول والدوخة والتعب.,ارتباك أو إغماء أو انقطاع البول أو سرعة شديدة في النبض أو التنفس تستدعي مساعدة عاجلة.,ابدأ بتعويض السوائل تدريجيًا إذا كنت قادرًا على الشرب، واطلب تقييمًا إذا تعذر الاحتفاظ بالسوائل أو ظهرت علامات شديدة.,,
disease,orthostatic-hypotension,هبوط الضغط عند الوقوف,Orthostatic hypotension,moderate,قد يحدث دوار أو خفة بالرأس عند الانتقال للوقوف بسبب انخفاض ضغط الدم، لكن توجد أسباب أخرى للدوخة أيضًا.,الإغماء أو ألم الصدر أو ضيق النفس أو نبض غير منتظم يحتاج تقييمًا سريعًا.,انهض ببطء واطلب تقييمًا إذا تكررت الدوخة أو حدث إغماء؛ لا تغيّر دواء موصوفًا دون استشارة.,,
disease,copd-pattern,نمط قد يتوافق مع مرض الانسداد الرئوي المزمن,Pattern compatible with COPD,moderate,السعال المزمن والبلغم وضيق النفس مع الجهد قد تظهر في أمراض رئوية مزمنة منها COPD، ويحتاج الأمر تقييمًا للتأكيد.,ضيق نفس شديد أو متفاقم بسرعة، زرقة أو ارتباك يستدعي رعاية عاجلة.,احجز تقييمًا طبيًا إذا كان السعال أو البلغم أو ضيق النفس مستمرًا، خصوصًا مع تاريخ تدخين أو تعرض مهني.,,
disease,celiac-disease,الداء البطني (السيلياك),Celiac disease,moderate,اضطراب مناعي مزمن يتأثر بالغلوتين وقد يسبب أعراضًا هضمية أو عامة متعددة؛ لا يُشخّص من الأعراض وحدها.,فقدان وزن غير مفسر أو دم بالبراز أو أعراض مستمرة تحتاج تقييمًا طبيًا.,راجع الطبيب للفحوص المناسبة قبل بدء حمية خالية من الغلوتين بشكل صارم، لأن الاختبارات قد تتأثر بتغيير الغذاء.,,
disease,gout,النقرس,Gout,moderate,قد يسبب النقرس ألمًا مفاجئًا شديدًا مع سخونة وتورم واحمرار بمفصل، وغالبًا إصبع القدم الكبير.,مفصل حار ومتورم مع حرارة عامة قد يشبه عدوى المفصل ويحتاج تقييمًا عاجلًا.,راجع طبيبًا إذا كانت هذه أول نوبة أو إذا لم يتحسن الألم أو صاحبتها حرارة.,,
disease,cellulitis,التهاب النسيج الخلوي,Cellulitis,moderate,عدوى في طبقات الجلد الأعمق قد تسبب منطقة مؤلمة وحارة ومتورمة. تحتاج علاجًا طبيًا سريعًا.,حرارة شديدة، دوخة، سرعة تنفس أو نبض، ارتباك أو فقد وعي مع التهاب الجلد تستدعي الطوارئ.,اطلب تقييمًا طبيًا في نفس اليوم إذا كان الجلد مؤلمًا وحارًا ومتورمًا.,,
disease,appendicitis,التهاب الزائدة الدودية,Appendicitis,severe,قد يبدأ الألم قرب السرة ثم ينتقل إلى أسفل يمين البطن ويزداد. هذا احتمال توعوي يحتاج تقييمًا عاجلًا للتأكيد.,ألم متزايد أو شديد أسفل يمين البطن، خاصة مع قيء أو حرارة، يحتاج تقييمًا عاجلًا.,اطلب تقييمًا طبيًا عاجلًا اليوم إذا كان النمط متوافقًا، ولا تعتمد على المسكنات وحدها.,,
disease,syncope-fainting-pattern,إغماء أو فقدان وعي عابر — يحتاج تقييمًا للسبب,Fainting or transient loss of consciousness,moderate,الإغماء له أسباب عديدة، من البسيطة إلى المهمة، ويحتاج تقييمًا خصوصًا إذا تكرر أو صاحبه ألم صدر أو خفقان.,الإغماء مع ألم صدر أو ضيق تنفس أو ضعف جهة واحدة أو عدم استعادة الوعي الطبيعي يستدعي الطوارئ.,اطلب تقييمًا إذا تكرر الإغماء أو حدث أثناء الجهد أو ترافق مع ألم صدر أو خفقان أو إصابة.,,
disease,seizure-episode-pattern,نوبة تشنجية — تحتاج تقييمًا للسبب,Seizure episode — cause needs assessment,high,النوبة التشنجية عرض يحتاج تقييمًا طبيًا لتحديد السبب، خصوصًا إذا كانت الأولى أو استمرت أو تكررت.,استمرار النوبة، تكرارها دون تعافٍ، إصابة خطرة أو صعوبة تنفس تستدعي الطوارئ.,اطلب تقييمًا طبيًا عاجلًا للنوبة الأولى أو الطويلة أو المتكررة أو إذا لم يعد الشخص لوعيه الطبيعي.,,
disease,meningitis-warning-pattern,نمط تحذيري قد يتوافق مع التهاب السحايا,Meningitis warning pattern,high,الحمى مع تيبس الرقبة أو صداع شديد أو طفح لا يختفي بالضغط قد تكون علامات مرض خطير يحتاج تقييمًا عاجلًا.,طفح لا يختفي بالضغط، تشنج، تدهور الوعي، تيبس شديد بالرقبة أو صداع شديد متزايد علامات طارئة.,اطلب تقييمًا طبيًا عاجلًا عند هذا النمط من الأعراض.,,
disease,anaphylaxis-warning-pattern,نمط تحذيري للحساسية المفرطة,Anaphylaxis warning pattern,high,تورم الحلق أو اللسان مع صعوبة التنفس قد يدل على تفاعل تحسسي شديد سريع التطور.,تورم الفم أو اللسان أو الحلق، صعوبة التنفس، الإغماء أو التدهور السريع علامات طارئة.,اطلب الطوارئ فورًا عند تورم الحلق أو اللسان أو صعوبة التنفس.,,
disease,stroke-warning-pattern,نمط تحذيري قد يتوافق مع سكتة دماغية أو نوبة نقص تروية,Stroke or TIA warning pattern,high,ضعف أو خدر مفاجئ في جهة واحدة أو اضطراب الكلام أو تدلي الوجه قد يكون نمطًا طارئًا يحتاج تقييمًا فوريًا.,أي ضعف مفاجئ بجهة واحدة أو اضطراب كلام أو تدلي وجه أو فقد مفاجئ للرؤية يعد علامة خطر.,اطلب رعاية طبية طارئة فورًا ولا تنتظر زوال الأعراض من تلقاء نفسها.,,
disease,athletes-foot,سعفة القدم,Athlete’s foot,mild,عدوى فطرية قد تسبب حكة وتقشرًا أو تشققًا بين أصابع القدم. هذا احتمال توعوي يحتاج تقييمًا للتأكيد.,قدم حارة أو حمراء أو مؤلمة، أو وجود سكري أو ضعف مناعة، يحتاج تقييمًا طبيًا.,جفف بين الأصابع ولا تشارك المناشف واستشر الصيدلي عن علاج مناسب.,,
disease,impetigo,القوباء,Impetigo,moderate,عدوى جلدية قد تظهر كقروح تتقشر بلون ذهبي؛ يلزم تمييزها عن طفوح أخرى. هذا احتمال توعوي يحتاج تقييمًا للتأكيد.,الرضع وضعف المناعة أو تدهور الأعراض يحتاجون تقييمًا طبيًا مبكرًا.,اطلب تقييمًا للعلاج، واغسل اليدين ولا تشارك المناشف.,,
disease,dandruff-pattern,قشرة فروة الرأس,Dandruff,mild,قشور بفروة الرأس قد ترافقها حكة؛ بعض الحالات تشبه أمراض جلدية أخرى. هذا احتمال توعوي يحتاج تقييمًا للتأكيد.,احمرار أو تورم الفروة أو حكة شديدة يحتاج تقييمًا.,اسأل الصيدلي عن شامبو مناسب؛ راجع مختصًا إذا لم يتحسن خلال أربعة أسابيع.,,
disease,gum-disease,مرض اللثة,Gum disease,moderate,قد تظهر اللثة حمراء ومتورمة وتنزف عند تنظيف الأسنان. هذا احتمال توعوي يحتاج تقييمًا للتأكيد.,تورم شديد أو أسنان متخلخلة أو كتلة بالفم تحتاج موعد أسنان عاجلًا.,احجز فحص أسنان واستمر بتنظيف لطيف للأسنان وما بينها.,,
disease,mouth-ulcer-pattern,قرح الفم — أسباب متعددة,Mouth ulcers — several possible causes,mild,قرح داخل الفم قد تنجم عن تهيج موضعي أو أسباب أخرى. هذا احتمال توعوي يحتاج تقييمًا للتأكيد.,القرحة النازفة أو المتزايدة ألمًا واحمرارًا تحتاج مراجعة.,تجنب المهيجات واستخدم فرشاة ناعمة؛ راجع طبيبًا أو طبيب أسنان إذا استمرت ثلاثة أسابيع.,,
disease,blepharitis,التهاب حواف الجفون,Blepharitis,mild,قد يسبب حكة بالجفون وقشورًا حول جذور الرموش. هذا احتمال توعوي يحتاج تقييمًا للتأكيد.,ألم العين أو تغير الرؤية أو احمرار شديد يحتاج تقييمًا عاجلًا.,نظف حواف الجفون بلطف واستشر الصيدلي؛ تجنب العدسات أثناء الأعراض.,,
disease,obstructive-sleep-apnoea,انقطاع النفس الانسدادي أثناء النوم,Obstructive sleep apnoea,moderate,قد يتكرر توقف وعودة التنفس أثناء النوم مع شخير ونعاس نهاري. هذا احتمال توعوي يحتاج تقييمًا للتأكيد.,لا تؤخر التقييم إذا لوحظ توقف التنفس أثناء النوم أو نعاس شديد.,احجز تقييمًا طبيًا، وتجنب القيادة مع النعاس والمنومات دون وصفة.,,
disease,restless-legs-syndrome,متلازمة تململ الساقين,Restless legs syndrome,mild,رغبة ملحة لتحريك الساقين مع انزعاج يزداد غالبًا أثناء الراحة ليلًا. هذا احتمال توعوي يحتاج تقييمًا للتأكيد.,استمرار الأعراض رغم العناية أو تأثيرها على حياتك يحتاج مراجعة.,جرّب حركة لطيفة ونومًا منتظمًا؛ راجع مختصًا عند تأثر النوم، ولا تبدأ الحديد دون تقييم.,,
disease,trigger-finger,الإصبع الزنادي,Trigger finger,mild,قد يعلق الإصبع مثنيًا مع ألم أو تيبس. هذا احتمال توعوي يحتاج تقييمًا للتأكيد.,تعطل استخدام اليد أو استمرار انغلاق الإصبع يحتاج تقييمًا.,قلل الأنشطة التي تزيد الأعراض وراجع مختصًا إذا استمرت.,,
disease,temporomandibular-disorder,اضطراب المفصل الفكي الصدغي,Temporomandibular disorder,moderate,قد يسبب ألم الفك وطقطقته أو صعوبة حركته. هذا احتمال توعوي يحتاج تقييمًا للتأكيد.,اطلب مراجعة عاجلة عند انغلاق الفك أو تعذر الأكل والشرب أو تغير الرؤية.,تجنب العلكة والطعام القاسي واطلب تقييمًا طبيًا أو سنيًا.,,
disease,tennis-elbow,مرفق التنس,Tennis elbow,mild,قد يسبب ألمًا خارج المرفق يزداد مع القبض أو الرفع. هذا احتمال توعوي يحتاج تقييمًا للتأكيد.,الألم المستمر أو الذي يعطل حركة الذراع يحتاج فحصًا.,قلل النشاط المحفز وراجع مختصًا إذا استمر الألم بعد أسبوعين من العناية.,,
disease,plantar-fasciitis,التهاب اللفافة الأخمصية,Plantar fasciitis,mild,قد يسبب ألمًا بأسفل الكعب يزداد عند أول خطوات بعد الراحة. هذا احتمال توعوي يحتاج تقييمًا للتأكيد.,اطلب تقييمًا مبكرًا للألم الشديد أو فقد الإحساس، خصوصًا مع السكري.,خفف النشاط المؤلم واستخدم حذاء داعمًا؛ راجع مختصًا إذا لم يتحسن خلال أسبوعين.,,
disease,me-cfs,التهاب الدماغ والنخاع العضلي / متلازمة التعب المزمن,ME/CFS,moderate,حالة شائعة قد تتوافق بعض أعراضها مع نمط التهاب الدماغ والنخاع العضلي / متلازمة التعب المزمن، لكن يلزم تقييم مناسب لتأكيد السبب.,اطلب رعاية عاجلة عند ظهور عرض شديد أو مفاجئ، إغماء، ضيق تنفس، نزيف واضح أو تدهور سريع.,اطلب تقييمًا إذا كان التعب شديدًا ومستمرًا ويؤثر في النشاط؛ التشخيص يحتاج استبعاد أسباب أخرى ولا يعتمد على عرض واحد.,,
disease,vitamin-b12-folate-deficiency,نقص فيتامين B12 أو الفولات,Vitamin B12 or folate deficiency,moderate,حالة شائعة قد تتوافق بعض أعراضها مع نمط نقص فيتامين B12 أو الفولات، لكن يلزم تقييم مناسب لتأكيد السبب.,اطلب رعاية عاجلة عند ظهور عرض شديد أو مفاجئ، إغماء، ضيق تنفس، نزيف واضح أو تدهور سريع.,اطلب تقييمًا وفحص دم إذا كانت الأعراض مستمرة؛ لا تعتمد على المكملات وحدها قبل معرفة السبب، خصوصًا مع أعراض عصبية.,,
disease,sprain-strain,التواء أو شد عضلي,Sprain or strain,mild,حالة شائعة قد تتوافق بعض أعراضها مع نمط التواء أو شد عضلي، لكن يلزم تقييم مناسب لتأكيد السبب.,اطلب رعاية عاجلة عند ظهور عرض شديد أو مفاجئ، إغماء، ضيق تنفس، نزيف واضح أو تدهور سريع.,إذا كان الألم بعد إصابة بسيطة فخفف النشاط وراقب التحسن؛ اطلب تقييمًا إذا كان الألم شديدًا أو لا تستطيع استخدام الطرف أو ظهرت خدر أو تغيرات لون.,,
disease,bursitis,التهاب الجراب,Bursitis,mild,حالة شائعة قد تتوافق بعض أعراضها مع نمط التهاب الجراب، لكن يلزم تقييم مناسب لتأكيد السبب.,اطلب رعاية عاجلة عند ظهور عرض شديد أو مفاجئ، إغماء، ضيق تنفس، نزيف واضح أو تدهور سريع.,خفف الضغط على المفصل واطلب تقييمًا إذا لم يتحسن خلال أسبوعين أو كان الألم شديدًا أو ظهرت حرارة أو عدم قدرة على الحركة.,,
disease,dry-eyes,جفاف العين,Dry eyes,mild,حالة شائعة قد تتوافق بعض أعراضها مع نمط جفاف العين، لكن يلزم تقييم مناسب لتأكيد السبب.,اطلب رعاية عاجلة عند ظهور عرض شديد أو مفاجئ، إغماء، ضيق تنفس، نزيف واضح أو تدهور سريع.,جرّب إراحة العين وتجنب المهيجات، واطلب تقييمًا إذا استمرت الأعراض لأسابيع؛ الألم مع احمرار أو تغير الرؤية يحتاج تقييمًا أسرع.,,
disease,rheumatoid-arthritis,التهاب المفاصل الروماتويدي,Rheumatoid arthritis,moderate,حالة شائعة قد تتوافق بعض أعراضها مع نمط التهاب المفاصل الروماتويدي، لكن يلزم تقييم مناسب لتأكيد السبب.,اطلب رعاية عاجلة عند ظهور عرض شديد أو مفاجئ، إغماء، ضيق تنفس، نزيف واضح أو تدهور سريع.,اطلب تقييمًا مبكرًا عند ألم وتورم أو تيبس مفاصل مستمر، لأن العلاج المبكر يساعد على الحد من تلف المفاصل.,,
disease,fibromyalgia,الألم العضلي الليفي,Fibromyalgia,moderate,حالة شائعة قد تتوافق بعض أعراضها مع نمط الألم العضلي الليفي، لكن يلزم تقييم مناسب لتأكيد السبب.,اطلب رعاية عاجلة عند ظهور عرض شديد أو مفاجئ، إغماء، ضيق تنفس، نزيف واضح أو تدهور سريع.,اطلب تقييمًا إذا كان الألم واسع الانتشار ومستمرًا مع تعب أو اضطراب نوم، لأن التشخيص يتطلب استبعاد أسباب أخرى.,,
disease,generalised-anxiety-disorder,اضطراب القلق العام,Generalised anxiety disorder,moderate,حالة شائعة قد تتوافق بعض أعراضها مع نمط اضطراب القلق العام، لكن يلزم تقييم مناسب لتأكيد السبب.,اطلب رعاية عاجلة عند ظهور عرض شديد أو مفاجئ، إغماء، ضيق تنفس، نزيف واضح أو تدهور سريع.,تحدث مع مختص إذا كان القلق مستمرًا ويؤثر في حياتك اليومية، واطلب دعمًا فوريًا عند وجود خطر على سلامتك.,,
disease,kidney-infection,التهاب الكلى,Kidney infection,moderate,حالة شائعة قد تتوافق بعض أعراضها مع نمط التهاب الكلى، لكن يلزم تقييم مناسب لتأكيد السبب.,اطلب رعاية عاجلة عند ظهور عرض شديد أو مفاجئ، إغماء، ضيق تنفس، نزيف واضح أو تدهور سريع.,التهاب الكلى يحتاج تقييمًا وعلاجًا طبيًا؛ اطلب مساعدة عاجلة عند حرارة شديدة أو تدهور أو تشوش أو عدم القدرة على التبول.,,
disease,kidney-stones,حصوات الكلى,Kidney stones,moderate,حالة شائعة قد تتوافق بعض أعراضها مع نمط حصوات الكلى، لكن يلزم تقييم مناسب لتأكيد السبب.,اطلب رعاية عاجلة عند ظهور عرض شديد أو مفاجئ، إغماء، ضيق تنفس، نزيف واضح أو تدهور سريع.,اطلب تقييمًا للألم الشديد أو المتكرر في الجانب أو الظهر، وبشكل عاجل إذا ترافق مع حرارة أو قشعريرة أو دم واضح في البول.,,
disease,gallstones,حصوات المرارة,Gallstones,moderate,حالة شائعة قد تتوافق بعض أعراضها مع نمط حصوات المرارة، لكن يلزم تقييم مناسب لتأكيد السبب.,اطلب رعاية عاجلة عند ظهور عرض شديد أو مفاجئ، إغماء، ضيق تنفس، نزيف واضح أو تدهور سريع.,اطلب تقييمًا عند ألم بطني يستمر أكثر من 30 دقيقة، وبشكل عاجل إذا كان الألم شديدًا أو ترافق مع قيء متكرر أو حرارة أو اصفرار.,,
disease,gastritis,التهاب المعدة,Gastritis,moderate,حالة شائعة قد تتوافق بعض أعراضها مع نمط التهاب المعدة، لكن يلزم تقييم مناسب لتأكيد السبب.,اطلب رعاية عاجلة عند ظهور عرض شديد أو مفاجئ، إغماء، ضيق تنفس، نزيف واضح أو تدهور سريع.,اطلب تقييمًا إذا استمر ألم المعدة أو عسر الهضم أكثر من أسبوع أو تكرر، وبشكل أسرع مع قيء مستمر أو نقص وزن أو صعوبة بلع.,,
disease,lactose-intolerance,عدم تحمل اللاكتوز,Lactose intolerance,mild,حالة شائعة قد تتوافق بعض أعراضها مع نمط عدم تحمل اللاكتوز، لكن يلزم تقييم مناسب لتأكيد السبب.,اطلب رعاية عاجلة عند ظهور عرض شديد أو مفاجئ، إغماء، ضيق تنفس، نزيف واضح أو تدهور سريع.,راقب ارتباط الأعراض بمنتجات الحليب واطلب تقييمًا إذا كانت مستمرة أو تسبب نقص وزن أو تؤثر في التغذية.,,
disease,haemorrhoids,البواسير,Haemorrhoids (piles),moderate,حالة شائعة قد تتوافق بعض أعراضها مع نمط البواسير، لكن يلزم تقييم مناسب لتأكيد السبب.,اطلب رعاية عاجلة عند ظهور عرض شديد أو مفاجئ، إغماء، ضيق تنفس، نزيف واضح أو تدهور سريع.,لا تفترض أن النزف سببه البواسير دون تقييم إذا كان جديدًا أو متكررًا؛ اطلب رعاية عاجلة للنزيف الغزير أو المستمر.,,
disease,shingles,الحزام الناري,Shingles,moderate,حالة شائعة قد تتوافق بعض أعراضها مع نمط الحزام الناري، لكن يلزم تقييم مناسب لتأكيد السبب.,اطلب رعاية عاجلة عند ظهور عرض شديد أو مفاجئ، إغماء، ضيق تنفس، نزيف واضح أو تدهور سريع.,اطلب نصيحة صحية مبكرًا عند طفح مؤلم أحادي الجانب، وبشكل عاجل إذا كان الطفح قرب العين أو حدث تغير في الرؤية أو كان لديك ضعف شديد في المناعة.,,
disease,psoriasis,الصدفية,Psoriasis,moderate,حالة شائعة قد تتوافق بعض أعراضها مع نمط الصدفية، لكن يلزم تقييم مناسب لتأكيد السبب.,اطلب رعاية عاجلة عند ظهور عرض شديد أو مفاجئ، إغماء، ضيق تنفس، نزيف واضح أو تدهور سريع.,اطلب تقييمًا إذا كانت البقع متكررة أو واسعة أو مؤلمة، أو إذا ترافق الطفح مع ألم وتورم مستمر في المفاصل.,,
disease,atopic-eczema,الإكزيما التأتبية,Atopic eczema,mild,حالة شائعة قد تتوافق بعض أعراضها مع نمط الإكزيما التأتبية، لكن يلزم تقييم مناسب لتأكيد السبب.,اطلب رعاية عاجلة عند ظهور عرض شديد أو مفاجئ، إغماء، ضيق تنفس، نزيف واضح أو تدهور سريع.,استخدم عناية لطيفة بالبشرة واطلب تقييمًا إذا لم تتحسن الحالة أو ظهرت حرارة أو ألم أو إفرازات قد تدل على عدوى.,,
disease,menieres-disease,مرض منيير,Ménière's disease,moderate,حالة شائعة قد تتوافق بعض أعراضها مع نمط مرض منيير، لكن يلزم تقييم مناسب لتأكيد السبب.,اطلب رعاية عاجلة عند ظهور عرض شديد أو مفاجئ، إغماء، ضيق تنفس، نزيف واضح أو تدهور سريع.,اطلب تقييمًا طبيًا لنوبات الدوار المتكررة المصحوبة بطنين أو أعراض أذن، ولا تقد السيارة أثناء النوبة.,,
disease,labyrinthitis-vestibular-neuritis,التهاب الأذن الداخلية أو العصب الدهليزي,Labyrinthitis / vestibular neuritis,moderate,حالة شائعة قد تتوافق بعض أعراضها مع نمط التهاب الأذن الداخلية أو العصب الدهليزي، لكن يلزم تقييم مناسب لتأكيد السبب.,اطلب رعاية عاجلة عند ظهور عرض شديد أو مفاجئ، إغماء، ضيق تنفس، نزيف واضح أو تدهور سريع.,تجنب القيادة أثناء الدوار واطلب تقييمًا إذا لم تتحسن الأعراض خلال أيام أو ساءت، وبشكل عاجل عند فقدان سمع مفاجئ أو علامة عصبية.,,
disease,tonsillitis,التهاب اللوزتين,Tonsillitis,moderate,حالة شائعة قد تتوافق بعض أعراضها مع نمط التهاب اللوزتين، لكن يلزم تقييم مناسب لتأكيد السبب.,اطلب رعاية عاجلة عند ظهور عرض شديد أو مفاجئ، إغماء، ضيق تنفس، نزيف واضح أو تدهور سريع.,راقب القدرة على البلع والترطيب واطلب تقييمًا إذا استمرت الأعراض أو أصبح البلع صعبًا؛ اطلب رعاية عاجلة إذا تعذر البلع أو التنفس.,,
disease,vertigo-pattern,الدوار المرتبط باضطراب التوازن,Vertigo / balance disorder pattern,moderate,حالة شائعة قد تتوافق بعض أعراضها مع نمط الدوار المرتبط باضطراب التوازن، لكن يلزم تقييم مناسب لتأكيد السبب.,اطلب رعاية عاجلة عند ظهور عرض شديد أو مفاجئ، إغماء، ضيق تنفس، نزيف واضح أو تدهور سريع.,تجنب القيادة أثناء الدوار واطلب تقييمًا إذا كان جديدًا أو متكررًا، والطوارئ إذا ترافق مع ضعف أو تنميل أو صعوبة كلام أو فقدان وعي.,,
disease,pneumonia,الالتهاب الرئوي,Pneumonia,moderate,حالة شائعة قد تتوافق بعض أعراضها مع نمط الالتهاب الرئوي، لكن يلزم تقييم مناسب لتأكيد السبب.,اطلب رعاية عاجلة عند ظهور عرض شديد أو مفاجئ، إغماء، ضيق تنفس، نزيف واضح أو تدهور سريع.,اطلب تقييمًا طبيًا عند الحمى مع سعال وتعب أو ضيق تنفس، وبشكل عاجل عند صعوبة التنفس أو التشوش أو التدهور السريع.,,
disease,covid-19,كوفيد-19,COVID-19,moderate,حالة شائعة قد تتوافق بعض أعراضها مع نمط كوفيد-19، لكن يلزم تقييم مناسب لتأكيد السبب.,اطلب رعاية عاجلة عند ظهور عرض شديد أو مفاجئ، إغماء، ضيق تنفس، نزيف واضح أو تدهور سريع.,إذا كانت الأعراض متوافقة مع عدوى تنفسية ففكّر في الاختبار وفق الإرشادات المحلية، واطلب تقييمًا مبكرًا إذا كان لديك عامل خطورة أو ظهرت صعوبة تنفس.,,
disease,overactive-thyroid,فرط نشاط الغدة الدرقية,Overactive thyroid (hyperthyroidism),moderate,حالة شائعة قد تتوافق بعض أعراضها مع نمط فرط نشاط الغدة الدرقية، لكن يلزم تقييم مناسب لتأكيد السبب.,اطلب رعاية عاجلة عند ظهور عرض شديد أو مفاجئ، إغماء، ضيق تنفس، نزيف واضح أو تدهور سريع.,اطلب تقييمًا طبيًا إذا اجتمعت هذه الأعراض أو استمرت؛ قد يلزم فحص وظائف الغدة الدرقية.,,
disease,irritable-bowel-syndrome,متلازمة القولون العصبي,Irritable bowel syndrome (IBS),moderate,حالة شائعة قد تتوافق بعض أعراضها مع نمط متلازمة القولون العصبي، لكن يلزم تقييم مناسب لتأكيد السبب.,اطلب رعاية عاجلة عند ظهور عرض شديد أو مفاجئ، إغماء، ضيق تنفس، نزيف واضح أو تدهور سريع.,راجع مختصًا إذا استمرت الأعراض أكثر من عدة أسابيع، واطلب رعاية أسرع عند نزيف أو نقص وزن غير مقصود أو كتلة بالبطن.,,
disease,allergic-rhinitis,التهاب الأنف التحسسي,Allergic rhinitis,mild,حالة شائعة قد تتوافق بعض أعراضها مع نمط التهاب الأنف التحسسي، لكن يلزم تقييم مناسب لتأكيد السبب.,اطلب رعاية عاجلة عند ظهور عرض شديد أو مفاجئ، إغماء، ضيق تنفس، نزيف واضح أو تدهور سريع.,راقب ارتباط الأعراض بالمهيجات واطلب تقييمًا إذا أثرت في النوم أو النشاط أو ترافقت مع تدهور في التنفس.,,
disease,tension-type-headache,صداع التوتر,Tension-type headache,mild,حالة شائعة قد تتوافق بعض أعراضها مع نمط صداع التوتر، لكن يلزم تقييم مناسب لتأكيد السبب.,اطلب رعاية عاجلة عند ظهور عرض شديد أو مفاجئ، إغماء، ضيق تنفس، نزيف واضح أو تدهور سريع.,دوّن نمط الصداع ومحفزاته واطلب تقييمًا إذا تكرر عدة مرات أسبوعيًا أو أصبح شديدًا أو ظهرت علامة عصبية.,,
disease,facial-numbness-pattern,تنميل الوجه,Facial numbness,urgent,حالة شائعة قد تتوافق بعض أعراضها مع نمط تنميل الوجه، لكن يلزم تقييم مناسب لتأكيد السبب.,اطلب رعاية عاجلة عند ظهور عرض شديد أو مفاجئ، إغماء، ضيق تنفس، نزيف واضح أو تدهور سريع.,إذا بدأ التنميل فجأة أو ترافق مع تدلي الوجه أو ضعف أو صعوبة كلام فاتصل بالطوارئ فورًا.,,
disease,acute-confusion-pattern,التشوش الذهني الحاد,Sudden confusion,urgent,حالة شائعة قد تتوافق بعض أعراضها مع نمط التشوش الذهني الحاد، لكن يلزم تقييم مناسب لتأكيد السبب.,اطلب رعاية عاجلة عند ظهور عرض شديد أو مفاجئ، إغماء، ضيق تنفس، نزيف واضح أو تدهور سريع.,التشوش المفاجئ يحتاج تقييمًا عاجلًا، خصوصًا إذا كان الشخص غير قادر على الإجابة أو التصرف كالمعتاد.,,
disease,high-blood-pressure,ارتفاع ضغط الدم,High blood pressure,moderate,حالة شائعة قد تتوافق بعض أعراضها مع نمط ارتفاع ضغط الدم، لكن يلزم تقييم مناسب لتأكيد السبب.,اطلب رعاية عاجلة عند ظهور عرض شديد أو مفاجئ، إغماء، ضيق تنفس، نزيف واضح أو تدهور سريع.,قِس الضغط بطريقة صحيحة واطلب تقييمًا؛ الأعراض وحدها لا تؤكد ارتفاعه.,,
disease,swollen-glands,تورم الغدد اللمفاوية,Swollen glands,mild,حالة شائعة قد تتوافق بعض أعراضها مع نمط تورم الغدد اللمفاوية، لكن يلزم تقييم مناسب لتأكيد السبب.,اطلب رعاية عاجلة عند ظهور عرض شديد أو مفاجئ، إغماء، ضيق تنفس، نزيف واضح أو تدهور سريع.,راقبها وراجع مختصًا إذا كبرت أو كانت صلبة أو استمرت أكثر من أسبوعين.,,
disease,rectal-bleeding-causes,نزيف المستقيم وأسبابه,Rectal bleeding and its causes,moderate,حالة شائعة قد تتوافق بعض أعراضها مع نمط نزيف المستقيم وأسبابه، لكن يلزم تقييم مناسب لتأكيد السبب.,اطلب رعاية عاجلة عند ظهور عرض شديد أو مفاجئ، إغماء، ضيق تنفس، نزيف واضح أو تدهور سريع.,اطلب تقييمًا طبيًا؛ والطوارئ للنزيف الغزير أو البراز الأسود أو الدوخة الشديدة.,,
disease,type-2-diabetes-pattern,السكري من النوع الثاني,Type 2 diabetes,moderate,حالة شائعة قد تتوافق بعض أعراضها مع نمط السكري من النوع الثاني، لكن يلزم تقييم مناسب لتأكيد السبب.,اطلب رعاية عاجلة عند ظهور عرض شديد أو مفاجئ، إغماء، ضيق تنفس، نزيف واضح أو تدهور سريع.,اطلب فحص سكر إذا استمر العطش أو ترافق مع تبول متكرر أو نقص وزن.,,
disease,itchy-skin,حكة الجلد,Itchy skin,mild,حالة شائعة قد تتوافق بعض أعراضها مع نمط حكة الجلد، لكن يلزم تقييم مناسب لتأكيد السبب.,اطلب رعاية عاجلة عند ظهور عرض شديد أو مفاجئ، إغماء، ضيق تنفس، نزيف واضح أو تدهور سريع.,تجنب المهيجات واطلب تقييمًا إذا كانت الحكة شديدة أو منتشرة أو مستمرة.,,
disease,essential-tremor,الرعاش الأساسي,Essential tremor,moderate,حالة شائعة قد تتوافق بعض أعراضها مع نمط الرعاش الأساسي، لكن يلزم تقييم مناسب لتأكيد السبب.,اطلب رعاية عاجلة عند ظهور عرض شديد أو مفاجئ، إغماء، ضيق تنفس، نزيف واضح أو تدهور سريع.,اطلب تقييمًا إذا كانت الرعشة جديدة أو تزداد أو تؤثر في النشاط اليومي.,,
disease,easy-bruising-pattern,سهولة ظهور الكدمات,Easy bruising,moderate,حالة شائعة قد تتوافق بعض أعراضها مع نمط سهولة ظهور الكدمات، لكن يلزم تقييم مناسب لتأكيد السبب.,اطلب رعاية عاجلة عند ظهور عرض شديد أو مفاجئ، إغماء، ضيق تنفس، نزيف واضح أو تدهور سريع.,راجع الأدوية واطلب تقييمًا إذا كثرت الكدمات دون سبب أو ترافق معها نزيف.,,
disease,unintentional-weight-loss,نقصان الوزن غير المقصود,Unintentional weight loss,moderate,حالة شائعة قد تتوافق بعض أعراضها مع نمط نقصان الوزن غير المقصود، لكن يلزم تقييم مناسب لتأكيد السبب.,اطلب رعاية عاجلة عند ظهور عرض شديد أو مفاجئ، إغماء، ضيق تنفس، نزيف واضح أو تدهور سريع.,احجز موعدًا طبيًا إذا استمر فقدان الوزن دون تغيير مقصود في الغذاء أو النشاط.,,
disease,taste-disorder,فقدان أو تغير التذوق,Lost or changed sense of taste,mild,حالة شائعة قد تتوافق بعض أعراضها مع نمط فقدان أو تغير التذوق، لكن يلزم تقييم مناسب لتأكيد السبب.,اطلب رعاية عاجلة عند ظهور عرض شديد أو مفاجئ، إغماء، ضيق تنفس، نزيف واضح أو تدهور سريع.,راقب الأعراض واطلب تقييمًا إذا لم تعد الحاسة خلال أسابيع أو ظهرت علامات عصبية.,,
disease,mechanical-neck-pain,ألم أو شد الرقبة,Neck pain or strain,mild,حالة شائعة قد تتوافق بعض أعراضها مع نمط ألم أو شد الرقبة، لكن يلزم تقييم مناسب لتأكيد السبب.,اطلب رعاية عاجلة عند ظهور عرض شديد أو مفاجئ، إغماء، ضيق تنفس، نزيف واضح أو تدهور سريع.,حافظ على حركة لطيفة واطلب تقييمًا إذا استمر الألم أو صاحبه ضعف أو خدر.,,
disease,peripheral-oedema,الوذمة الطرفية,Peripheral oedema,moderate,حالة شائعة قد تتوافق بعض أعراضها مع نمط الوذمة الطرفية، لكن يلزم تقييم مناسب لتأكيد السبب.,اطلب رعاية عاجلة عند ظهور عرض شديد أو مفاجئ، إغماء، ضيق تنفس، نزيف واضح أو تدهور سريع.,اطلب تقييمًا، وبشكل عاجل إذا كان التورم مفاجئًا في ساق واحدة أو ترافق مع ضيق تنفس.,,
disease,clinical-depression,الاكتئاب,Clinical depression,moderate,حالة شائعة قد تتوافق بعض أعراضها مع نمط الاكتئاب، لكن يلزم تقييم مناسب لتأكيد السبب.,اطلب رعاية عاجلة عند ظهور عرض شديد أو مفاجئ، إغماء، ضيق تنفس، نزيف واضح أو تدهور سريع.,تحدث مع مختص إذا استمر انخفاض المزاج أسبوعين أو أكثر؛ اطلب مساعدة فورية عند أفكار إيذاء النفس.,,
disease,panic-disorder,نوبات الهلع,Panic disorder,moderate,حالة شائعة قد تتوافق بعض أعراضها مع نمط نوبات الهلع، لكن يلزم تقييم مناسب لتأكيد السبب.,اطلب رعاية عاجلة عند ظهور عرض شديد أو مفاجئ، إغماء، ضيق تنفس، نزيف واضح أو تدهور سريع.,اطلب تقييمًا لاستبعاد الأسباب الجسدية ووضع خطة علاج، والطوارئ للأعراض الشديدة أو غير المعتادة.,,
disease,period-pain,آلام الدورة الشهرية,Period pain,mild,حالة شائعة قد تتوافق بعض أعراضها مع نمط آلام الدورة الشهرية، لكن يلزم تقييم مناسب لتأكيد السبب.,اطلب رعاية عاجلة عند ظهور عرض شديد أو مفاجئ، إغماء، ضيق تنفس، نزيف واضح أو تدهور سريع.,راجع مختصًا إذا كان الألم شديدًا أو جديدًا أو يعطل نشاطك المعتاد.,,
disease,dental-abscess,خراج أو التهاب الأسنان,Dental abscess,moderate,حالة شائعة قد تتوافق بعض أعراضها مع نمط خراج أو التهاب الأسنان، لكن يلزم تقييم مناسب لتأكيد السبب.,اطلب رعاية عاجلة عند ظهور عرض شديد أو مفاجئ، إغماء، ضيق تنفس، نزيف واضح أو تدهور سريع.,احجز طبيب أسنان؛ اطلب رعاية عاجلة عند تورم الوجه أو صعوبة التنفس أو البلع.,,
disease,conjunctivitis,التهاب الملتحمة,Conjunctivitis,mild,حالة شائعة قد تتوافق بعض أعراضها مع نمط التهاب الملتحمة، لكن يلزم تقييم مناسب لتأكيد السبب.,اطلب رعاية عاجلة عند ظهور عرض شديد أو مفاجئ، إغماء، ضيق تنفس، نزيف واضح أو تدهور سريع.,تجنب فرك العين واطلب تقييمًا عاجلًا إذا وُجد ألم شديد أو حساسية للضوء أو تغير رؤية.,,
disease,functional-constipation,الإمساك,Constipation,mild,حالة شائعة قد تتوافق بعض أعراضها مع نمط الإمساك، لكن يلزم تقييم مناسب لتأكيد السبب.,اطلب رعاية عاجلة عند ظهور عرض شديد أو مفاجئ، إغماء، ضيق تنفس، نزيف واضح أو تدهور سريع.,زد السوائل والألياف تدريجيًا وراجع مختصًا إذا استمر أو صاحبه دم أو نقص وزن.,,
disease,iron-deficiency-anaemia,فقر الدم بنقص الحديد,Iron deficiency anaemia,moderate,حالة شائعة قد تتوافق بعض أعراضها مع نمط فقر الدم بنقص الحديد، لكن يلزم تقييم مناسب لتأكيد السبب.,اطلب رعاية عاجلة عند ظهور عرض شديد أو مفاجئ، إغماء، ضيق تنفس، نزيف واضح أو تدهور سريع.,اطلب تقييمًا طبيًا وفحص دم قبل تناول الحديد بجرعات علاجية.,,
disease,underactive-thyroid,قصور الغدة الدرقية,Underactive thyroid,moderate,حالة شائعة قد تتوافق بعض أعراضها مع نمط قصور الغدة الدرقية، لكن يلزم تقييم مناسب لتأكيد السبب.,اطلب رعاية عاجلة عند ظهور عرض شديد أو مفاجئ، إغماء، ضيق تنفس، نزيف واضح أو تدهور سريع.,احجز موعدًا طبيًا إذا استمرت الأعراض؛ قد يلزم فحص دم للغدة.,,
disease,insomnia-disorder,الأرق واضطراب النوم,Insomnia and sleep disturbance,mild,صعوبة في بدء النوم أو الاستمرار فيه تؤثر على الأداء خلال النهار. تُسمى قصيرة المدى إذا استمرت أقل من 3 أشهر، وطويلة المدى إذا استمرت 3 أشهر أو أكثر.,أرق مصحوب بأفكار إيذاء النفس أو تدهور واضح في الأداء اليومي.,حافظ على موعد نوم ثابت وقلّل الكافيين مساءً، واطلب تقييمًا طبيًا إذا استمر الأرق 3 أشهر أو أكثر أو أثّر بشدة على حياتك اليومية.,,
disease,osteoarthritis,خشونة المفاصل (الفصال العظمي),Osteoarthritis,mild,تآكل تدريجي في غضروف المفصل يسبب ألمًا وتيبسًا، وغالبًا يزداد مع الاستخدام ويتحسن بالراحة.,تورم شديد ومفاجئ، احمرار وحرارة موضعية، أو حمى مصاحبة لألم المفصل.,مارس نشاطًا خفيفًا منتظمًا وحافظ على وزن صحي، واطلب تقييمًا إذا أثّر الألم على الحركة اليومية.,,
disease,heart-palpitations,خفقان القلب — أسباب محتملة متعددة,Heart palpitations — multiple possible causes,mild,إحساس بتسارع أو خفقان أو عدم انتظام نبض القلب. غالبًا ما يكون مرتبطًا بالتوتر أو القلق أو الكافيين وغير خطير، لكنه قد يرتبط أحيانًا باضطراب في نظم القلب، خصوصًا مع ألم الصدر أو الإغماء أو ضيق التنفس.,خفقان مصحوب بألم صدر، إغماء، ضيق تنفس شديد، أو خفقان لا يهدأ ويستمر لدقائق طويلة.,قلّل الكافيين والتوتر وراقب النمط، واطلب تقييمًا قلبيًا إذا تكرر الخفقان أو صاحبته أعراض أخرى — ولا يُفترض اعتباره حميدًا دون تقييم إذا تكرر.,,
disease,urinary-tract-infection,التهاب المسالك البولية,Urinary tract infection (UTI),mild,عدوى بكتيرية في المسالك البولية، تسبب حرقانًا عند التبول وكثرة التبول وأحيانًا ألمًا أسفل البطن.,حمى مع قشعريرة، ألم الخاصرة، أو دم واضح في البول.,اشرب سوائل كافية واطلب تقييمًا طبيًا للعلاج المناسب، خصوصًا مع الحمى أو ألم الخاصرة.,,
disease,urticaria,الشرى الجلدي (الأرتيكاريا),Hives (urticaria),mild,بقع أو انتفاخات جلدية مرتفعة تظهر فجأة وتكون غالبًا شديدة الحكة، وقد تتغير أماكنها أو تندمج معًا.,تورم الوجه أو الشفتين أو الحلق أو اللسان، صعوبة تنفس أو بلع، أو دوخة — قد تكون علامات حساسية شديدة (تأق).,ابتعد عن المحفز المحتمل، ومضادات الهيستامين قد تخفف الأعراض؛ اطلب تقييمًا إذا استمر الشرى أكثر من أيام قليلة أو تكرر، واطلب الطوارئ فورًا مع أي علامة خطر.,,
disease,contact-dermatitis,التهاب الجلد التماسي (حساسية جلدية),Contact dermatitis,mild,تهيّج جلدي ناتج عن ملامسة مادة مهيّجة أو مسببة للحساسية، يظهر كطفح جلدي مع حكة وأحيانًا جفاف أو تورم موضعي.,تورم الوجه أو الشفتين أو الحلق، صعوبة تنفس، أو انتشار الطفح بسرعة على كامل الجسم.,ابتعد عن المادة المسببة ونظّف المنطقة، واطلب تقييمًا إذا ساء الطفح أو انتشر.,,
disease,ear-infection,التهاب الأذن,Ear infection (otitis),mild,التهاب أو تجمّع سوائل في الأذن الوسطى أو الخارجية، يسبب ألمًا وأحيانًا طنينًا أو حمى خفيفة.,تورم أو احمرار خلف الأذن، حمى شديدة، أو خروج إفرازات أو دم.,راقب الألم والحمى، واطلب تقييمًا إذا استمر الألم أكثر من يومين أو ظهرت إفرازات.,,
disease,laryngitis,التهاب الحنجرة,Laryngitis,mild,التهاب في الحنجرة غالبًا بسبب عدوى فيروسية أو إجهاد الصوت، يسبب بحة أو فقدانًا مؤقتًا للصوت.,صعوبة تنفس، صعوبة بلع اللعاب، أو استمرار البحة أكثر من أسبوعين.,أرح صوتك ورطّب الجو، واطلب تقييمًا إذا استمرت البحة أكثر من أسبوعين.,,
disease,gerd,ارتجاع المريء (حرقة المعدة المزمنة),Gastroesophageal reflux disease (GERD),mild,عودة حمض المعدة إلى المريء بشكل متكرر، وأبرز أعراضه حرقة المعدة، وقد يرافقه صعوبة بلع أو بحة صوت.,صعوبة بلع شديدة، فقدان وزن غير مبرر، قيء دموي أو براز أسود.,جرّب تعديل الوجبات ورفع الرأس أثناء النوم، واطلب تقييمًا إذا تكررت الأعراض أكثر من مرتين أسبوعيًا.,,
disease,food-poisoning,التسمم الغذائي,Food poisoning,moderate,مرض ينتج عن تناول طعام ملوث، وقد يسبب الغثيان والقيء والإسهال وألم البطن.,جفاف شديد، دم في القيء أو البراز، ألم شديد أو تدهور عام.,اهتم بالسوائل واطلب تقييمًا عند علامات الجفاف أو استمرار الأعراض أو شدتها.,,
disease,acute-bronchitis,التهاب الشعب الهوائية,Bronchitis,moderate,التهاب في الممرات الهوائية يسبب السعال وقد يصاحبه تعب أو صفير أو ضيق تنفس.,صعوبة تنفس شديدة، ازرقاق، ألم صدر أو سعال مصحوب بدم.,راجع مختصًا إذا كان السعال شديدًا أو مستمرًا أو صاحبه ضيق تنفس.,,
disease,acute-sinusitis,التهاب الجيوب الأنفية,Sinusitis,mild,التهاب في الجيوب الأنفية قد يسبب انسداد الأنف وألمًا أو ضغطًا في الوجه وصداعًا.,تورم حول العين أو تغير الرؤية أو صداع شديد جدًا.,راقب الأعراض وراجع مختصًا إذا كانت شديدة أو لم تتحسن.,,
disease,sciatica,عرق النسا,Sciatica,moderate,أعراض تنتج عن تهيج أو ضغط العصب الوركي، وقد تشمل ألمًا يمتد في الساق مع تنميل أو وخز.,خدر حول منطقة العجان، فقد التحكم بالبول أو البراز، أو ضعف شديد متزايد.,راجع مختصًا عند استمرار الألم أو التنميل، واطلب رعاية عاجلة عند علامات الخطر.,,
disease,carpal-tunnel-syndrome,متلازمة النفق الرسغي,Carpal tunnel syndrome,mild,ضغط على عصب في الرسغ قد يسبب تنميلًا أو وخزًا وألمًا في اليد والأصابع.,ضعف متزايد أو فقدان إحساس مستمر أو أعراض مفاجئة في جهة كاملة.,راجع مختصًا إذا استمرت الأعراض أو أثرت في استخدام اليد أو النوم.,,
disease,peripheral-neuropathy,اعتلال الأعصاب الطرفية,Peripheral neuropathy,moderate,مصطلح يصف تضرر الأعصاب الطرفية، وقد يسبب تنميلًا أو وخزًا أو تغيرًا في الإحساس، غالبًا في اليدين أو القدمين.,تنميل مفاجئ في جهة واحدة، ضعف، تدلي الوجه أو صعوبة الكلام.,اطلب تقييمًا طبيًا إذا استمر التنميل أو تكرر، واطلب الطوارئ عند ظهوره فجأة في جهة واحدة.,,
disease,asthma,الربو,Asthma,moderate,مرض رئوي مزمن يسبب التهابًا وضيقًا في الشعب الهوائية، وقد تتفاوت أعراضه مع الوقت.,صعوبة تنفس شديدة، عدم القدرة على الكلام بصورة طبيعية أو ازرقاق الشفاه.,تحدث مع مختص صحي لتقييم الأعراض ووضع خطة واضحة، واطلب رعاية عاجلة عند صعوبة التنفس الشديدة.,,
disease,viral-gastroenteritis,التهاب المعدة والأمعاء الفيروسي,Viral gastroenteritis,moderate,التهاب في المعدة أو الأمعاء يسبب القيء أو الإسهال وقد يؤدي إلى الجفاف.,جفاف شديد، قلة بول، خمول غير معتاد، دم في القيء أو البراز أو ألم بطن شديد.,عوّض السوائل تدريجيًا واطلب تقييمًا طبيًا عند علامات الجفاف أو استمرار الأعراض أو تدهورها.,,
disease,common-cold,نزلة البرد الشائعة,Common cold,mild,عدوى فيروسية شائعة في الجهاز التنفسي العلوي تبدأ أعراضها عادةً تدريجيًا.,ضيق تنفس، ألم صدر، حرارة مرتفعة مستمرة أو تدهور بعد عدة أيام.,راقب الأعراض واطلب مراجعة طبية إذا لم تتحسن خلال المدة المتوقعة أو ظهرت علامة خطر.,,
disease,influenza,الإنفلونزا,Influenza (flu),moderate,عدوى تنفسية فيروسية تبدأ غالبًا بصورة مفاجئة وقد تسبب الحمى والسعال وآلام الجسم والتعب.,صعوبة تنفس، ألم صدر، تشوش، جفاف شديد أو تحسن ثم تدهور مفاجئ.,راقب التنفس والترطيب واطلب تقييمًا طبيًا مبكرًا عند وجود عوامل خطورة أو تدهور.,,
disease,migraine,الصداع النصفي (الشقيقة),Migraine,moderate,اضطراب صداع أولي قد يسبب نوبات من صداع نابض، غالبًا في جانب واحد، وقد يصاحبه غثيان وحساسية للضوء أو الصوت.,صداع مفاجئ شديد جدًا، ضعف في جانب واحد، صعوبة كلام، فقدان رؤية أو تشوش.,راقب نمط الصداع ومحفزاته واطلب تقييمًا طبيًا إذا كان جديدًا أو متكررًا أو يزداد سوءًا.,,
symptom,nighttime-urination,التبول المتكرر ليلًا,Frequent nighttime urination,1-5,عرض عام: التبول المتكرر ليلًا.,,,,
symptom,foamy-urine,بول رغوي,Foamy urine,1-5,عرض عام: بول رغوي.,,,,
symptom,reduced-exercise-tolerance,انخفاض تحمل المجهود,Reduced exercise tolerance,1-5,عرض عام: انخفاض تحمل المجهود.,,,,
symptom,orthopnea,ضيق التنفس عند الاستلقاء,Shortness of breath when lying flat,1-5,عرض عام: ضيق التنفس عند الاستلقاء.,,,,
symptom,ankle-swelling,تورم الكاحلين,Ankle swelling,1-5,عرض عام: تورم الكاحلين.,,,,
symptom,brittle-nails,تقصف أو هشاشة الأظافر,Brittle nails,1-5,عرض عام: تقصف أو هشاشة الأظافر.,,,,
symptom,pica,اشتهاء أشياء غير غذائية,Pica,1-5,عرض عام: اشتهاء أشياء غير غذائية.,,,,
symptom,muscle-weakness,ضعف العضلات,Muscle weakness,1-5,عرض عام: ضعف العضلات.,,,,
symptom,heat-intolerance,الحساسية للحرارة,Heat intolerance,1-5,عرض عام: الحساسية للحرارة.,,,,
symptom,cold-intolerance,الحساسية للبرد,Cold intolerance,1-5,عرض عام: الحساسية للبرد.,,,,
symptom,acid-regurgitation,رجوع الحمض أو الطعام إلى الفم,Acid or food regurgitation,1-5,عرض عام: رجوع الحمض أو الطعام إلى الفم.,,,,
symptom,calf-ache-standing,وجع أو ثقل بطة الساق مع الوقوف,Calf ache or heaviness with standing,1-5,عرض عام: وجع أو ثقل بطة الساق مع الوقوف.,,,,
symptom,shoulder-night-pain,ألم الكتف ليلًا أو عند النوم عليه,Shoulder pain at night,1-5,عرض عام: ألم الكتف ليلًا أو عند النوم عليه.,,,,
symptom,neck-muscle-tightness,شد عضلات الرقبة,Neck muscle tightness,1-5,عرض عام: شد عضلات الرقبة.,,,,
symptom,hand-weakness,ضعف في اليد أو القبضة,Hand or grip weakness,1-5,عرض عام: ضعف في اليد أو القبضة.,,,,
symptom,foot-burning,حرقان أو لسع في القدمين,Burning feet,1-5,عرض عام: حرقان أو لسع في القدمين.,,,,
symptom,knee-stiffness,تيبس الركبة,Knee stiffness,1-5,عرض عام: تيبس الركبة.,,,,
symptom,radiating-leg-pain,ألم يمتد من الظهر أو الورك إلى الساق,Pain radiating from back or hip down the leg,1-5,عرض عام: ألم يمتد من الظهر أو الورك إلى الساق.,,,,
symptom,waking-unrefreshed,الاستيقاظ دون الشعور بالراحة,Waking unrefreshed,1-5,عرض عام: الاستيقاظ دون الشعور بالراحة.,,,,
symptom,restless-sleep,نوم مضطرب أو غير مستقر,Restless sleep,1-5,عرض عام: نوم مضطرب أو غير مستقر.,,,,
symptom,scalp-redness,احمرار أو تهيج فروة الرأس,Red or irritated scalp,1-5,عرض عام: احمرار أو تهيج فروة الرأس.,,,,
symptom,cracked-skin,تشقق الجلد,Cracked skin,1-5,عرض عام: تشقق الجلد.,,,,
symptom,skin-redness,احمرار موضعي في الجلد,Localized skin redness,1-5,عرض عام: احمرار موضعي في الجلد.,,,,
symptom,jaw-locking,قفل أو صعوبة فتح الفك,Jaw locking or difficulty opening,1-5,عرض عام: قفل أو صعوبة فتح الفك.,,,,
symptom,muscle-soreness,ألم أو وجع العضلات,Muscle soreness or aching,1-5,عرض عام: ألم أو وجع العضلات.,,,,
symptom,morning-joint-stiffness,تيبس المفاصل عند الاستيقاظ,Morning joint stiffness,1-5,عرض عام: تيبس المفاصل عند الاستيقاظ.,,,,
symptom,ankle-pain,ألم الكاحل,Ankle pain,1-5,عرض عام: ألم الكاحل.,,,,
symptom,hip-pain,ألم الورك,Hip pain,1-5,عرض عام: ألم الورك.,,,,
symptom,rectal-itching,حكة حول فتحة الشرج,Anal or rectal itching,1-5,عرض عام: حكة حول فتحة الشرج.,,,,
symptom,bowel-urgency,حاجة ملحّة ومفاجئة للتبرز,Bowel urgency,1-5,عرض عام: حاجة ملحّة ومفاجئة للتبرز.,,,,
symptom,mucus-in-stool,مخاط ظاهر مع البراز,Mucus in stool,1-5,عرض عام: مخاط ظاهر مع البراز.,,,,
symptom,post-meal-nausea,غثيان بعد الأكل,Nausea after eating,1-5,عرض عام: غثيان بعد الأكل.,,,,
symptom,abdominal-fullness,إحساس بالامتلاء أو الثقل في البطن,Abdominal fullness,1-5,عرض عام: إحساس بالامتلاء أو الثقل في البطن.,,,,
symptom,tongue-soreness,ألم أو حساسية اللسان,Sore or tender tongue,1-5,عرض عام: ألم أو حساسية اللسان.,,,,
symptom,gum-pain,ألم أو وجع اللثة,Gum pain or soreness,1-5,عرض عام: ألم أو وجع اللثة.,,,,
symptom,ear-pressure,ضغط أو امتلاء داخل الأذن,Ear pressure or fullness,1-5,عرض عام: ضغط أو امتلاء داخل الأذن.,,,,
symptom,ear-itching,حكة داخل الأذن,Itchy ear canal,1-5,عرض عام: حكة داخل الأذن.,,,,
symptom,dry-eye-feeling,إحساس بجفاف العين,Dry-eye sensation,1-5,عرض عام: إحساس بجفاف العين.,,,,
symptom,eyelid-swelling,تورم أو انتفاخ الجفن,Swollen eyelid,1-5,عرض عام: تورم أو انتفاخ الجفن.,,,,
symptom,eye-itching,حكة في العين,Itchy eyes,1-5,عرض عام: حكة في العين.,,,,
symptom,nasal-itching,حكة داخل الأنف,Itchy nose,1-5,عرض عام: حكة داخل الأنف.,,,,
symptom,throat-clearing,الحاجة المتكررة لتنظيف الحلق,Frequent throat clearing,1-5,عرض عام: الحاجة المتكررة لتنظيف الحلق.,,,,
symptom,productive-cough,سعال مع بلغم,Cough with phlegm,1-5,عرض عام: سعال مع بلغم.,,,,
symptom,dry-cough,سعال جاف بدون بلغم,Dry cough without phlegm,1-5,عرض عام: سعال جاف بدون بلغم.,,,,
symptom,vaginal-dryness,جفاف مهبلي,Vaginal dryness,1-5,عرض عام: جفاف مهبلي.,,,,
symptom,missed-period,تأخر أو غياب الدورة,Missed or late period,1-5,عرض عام: تأخر أو غياب الدورة.,,,,
symptom,shin-exercise-pain,ألم قصبة الساق مع أو بعد الجري,Shin pain with or after exercise,1-5,عرض عام: ألم قصبة الساق مع أو بعد الجري.,,,,
symptom,overuse-tingling,تنميل أو وخز مع الاستخدام المتكرر,Tingling with repetitive use,1-5,عرض عام: تنميل أو وخز مع الاستخدام المتكرر.,,,,
symptom,repetitive-use-pain,ألم يزيد مع الحركة المتكررة,Pain linked to repetitive use,1-5,عرض عام: ألم يزيد مع الحركة المتكررة.,,,,
symptom,limited-shoulder-motion,صعوبة تحريك الكتف في عدة اتجاهات,Limited shoulder movement,1-5,عرض عام: صعوبة تحريك الكتف في عدة اتجاهات.,,,,
symptom,shoulder-stiffness,تيبس واضح في الكتف,Shoulder stiffness,1-5,عرض عام: تيبس واضح في الكتف.,,,,
symptom,excessive-sweating,تعرق زائد عن المعتاد,Excessive sweating,1-5,عرض عام: تعرق زائد عن المعتاد.,,,,
symptom,throat-mucus,إحساس بمخاط أو بلغم عالق في الحلق,Mucus feeling in the throat,1-5,عرض عام: إحساس بمخاط أو بلغم عالق في الحلق.,,,,
symptom,postnasal-drip,نزول مخاط خلف الأنف إلى الحلق,Post-nasal drip,1-5,عرض عام: نزول مخاط خلف الأنف إلى الحلق.,,,,
symptom,cold-itchy-toes,حكة أو تورم أصابع بعد البرد,Itchy swollen toes after cold exposure,1-5,عرض عام: حكة أو تورم أصابع بعد البرد.,,,,
symptom,painful-pus-lump,كتلة جلدية مؤلمة فيها صديد,Painful pus-filled skin lump,1-5,عرض عام: كتلة جلدية مؤلمة فيها صديد.,,,,
symptom,insect-bite-lump,حبة أو تورم بعد قرصة حشرة,Lump or swelling after an insect bite,1-5,عرض عام: حبة أو تورم بعد قرصة حشرة.,,,,
symptom,sunburn-blisters,فقاعات أو بثور بعد حرق الشمس,Blisters after sunburn,1-5,عرض عام: فقاعات أو بثور بعد حرق الشمس.,,,,
symptom,sunburned-skin,احمرار وألم الجلد بعد الشمس,Red painful skin after sun exposure,1-5,عرض عام: احمرار وألم الجلد بعد الشمس.,,,,
symptom,prickly-heat-rash,طفح حاك أو لاذع مع الحر,Prickly itchy rash in heat,1-5,عرض عام: طفح حاك أو لاذع مع الحر.,,,,
symptom,meal-triggered-jaw-swelling,تورم تحت الفك أو قرب الأذن مع الأكل,Jaw or cheek swelling around meals,1-5,عرض عام: تورم تحت الفك أو قرب الأذن مع الأكل.,,,,
symptom,metallic-taste,طعم معدني أو غريب مستمر,Persistent metallic taste,1-5,عرض عام: طعم معدني أو غريب مستمر.,,,,
symptom,burning-mouth,حرقة مستمرة في الفم أو اللسان,Burning mouth or tongue,1-5,عرض عام: حرقة مستمرة في الفم أو اللسان.,,,,
symptom,morning-jaw-tightness,شد أو تعب الفك عند الاستيقاظ,Morning jaw tightness,1-5,عرض عام: شد أو تعب الفك عند الاستيقاظ.,,,,
symptom,teeth-grinding,صرير أو طحن الأسنان,Teeth grinding or clenching,1-5,عرض عام: صرير أو طحن الأسنان.,,,,
symptom,visible-tooth-cavity,حفرة أو بقعة واضحة في السن,Visible tooth cavity or spot,1-5,عرض عام: حفرة أو بقعة واضحة في السن.,,,,
symptom,tooth-sensitivity,حساسية أو ألم الأسنان مع البارد أو الحلو,Tooth sensitivity with cold or sweet foods,1-5,عرض عام: حساسية أو ألم الأسنان مع البارد أو الحلو.,,,,
symptom,finger-color-change,تغير لون الأصابع مع البرد,Finger color change with cold,1-5,عرض عام: تغير لون الأصابع مع البرد.,,,,
symptom,cold-fingers,برودة أصابع اليدين أو القدمين,Cold fingers or toes,1-5,عرض عام: برودة أصابع اليدين أو القدمين.,,,,
symptom,leg-heaviness,ثقل أو وجع في الساقين,Leg heaviness or aching,1-5,عرض عام: ثقل أو وجع في الساقين.,,,,
symptom,visible-varicose-veins,أوردة بارزة ومتعرجة بالساق,Visible varicose veins,1-5,عرض عام: أوردة بارزة ومتعرجة بالساق.,,,,
symptom,leg-cramps,تشنجات أو شد مؤلم في الساق,Leg cramps,1-5,عرض عام: تشنجات أو شد مؤلم في الساق.,,,,
symptom,hot-flushes,هبات ساخنة,Hot flushes,1-5,عرض عام: هبات ساخنة.,,,,
symptom,urinary-urgency,إلحاح مفاجئ للتبول,Sudden urinary urgency,1-5,عرض عام: إلحاح مفاجئ للتبول.,,,,
symptom,urine-leakage,تسرب البول دون قصد,Unintentional urine leakage,1-5,عرض عام: تسرب البول دون قصد.,,,,
symptom,altered-taste,تغير أو طعم غير مستحب في الفم,Altered or unpleasant taste,1-5,عرض عام: تغير أو طعم غير مستحب في الفم.,,,,
symptom,mouth-pain,ألم أو حرقة داخل الفم,Mouth pain or soreness,1-5,عرض عام: ألم أو حرقة داخل الفم.,,,,
symptom,white-mouth-patches,بقع بيضاء داخل الفم,White patches in the mouth,1-5,عرض عام: بقع بيضاء داخل الفم.,,,,
symptom,bad-breath,رائحة فم غير مستحبة,Bad breath,1-5,عرض عام: رائحة فم غير مستحبة.,,,,
symptom,hiccups,حازوقة أو فواق,Hiccups,1-5,عرض عام: حازوقة أو فواق.,,,,
symptom,eye-flashes,ومضات ضوئية في النظر,Flashes in vision,1-5,عرض عام: ومضات ضوئية في النظر.,,,,
symptom,eye-floaters,نقاط أو خيوط عائمة في النظر,Eye floaters,1-5,عرض عام: نقاط أو خيوط عائمة في النظر.,,,,
symptom,hearing-loss,ضعف أو نقص السمع,Reduced hearing,1-5,عرض عام: ضعف أو نقص السمع.,,,,
symptom,ear-blocked,انسداد أو امتلاء الأذن,Blocked or full ear,1-5,عرض عام: انسداد أو امتلاء الأذن.,,,,
symptom,scratchy-throat,حلق جاف أو مخدوش,Scratchy throat,1-5,عرض عام: حلق جاف أو مخدوش.,,,,
symptom,painful-swallowing,ألم عند البلع,Pain when swallowing,1-5,عرض عام: ألم عند البلع.,,,,
symptom,nosebleed,نزيف من الأنف,Nosebleed,1-5,عرض عام: نزيف من الأنف.,,,,
symptom,burping,تجشؤ متكرر,Frequent burping,1-5,عرض عام: تجشؤ متكرر.,,,,
symptom,bright-red-rectal-blood,دم أحمر فاتح مع التبرز,Bright red rectal blood,1-5,عرض عام: دم أحمر فاتح مع التبرز.,,,,
symptom,anal-pain,ألم حول فتحة الشرج,Anal pain,1-5,عرض عام: ألم حول فتحة الشرج.,,,,
symptom,vaginal-odor,رائحة مهبلية غير معتادة,Unusual vaginal odor,1-5,عرض عام: رائحة مهبلية غير معتادة.,,,,
symptom,vaginal-itching,حكة أو تهيج مهبلي,Vaginal itching or irritation,1-5,عرض عام: حكة أو تهيج مهبلي.,,,,
symptom,vaginal-discharge,إفرازات مهبلية متغيرة,Changed vaginal discharge,1-5,عرض عام: إفرازات مهبلية متغيرة.,,,,
symptom,mood-swings,تقلبات مزاجية,Mood swings,1-5,عرض عام: تقلبات مزاجية.,,,,
symptom,breast-tenderness,ألم أو حساسية في الثدي,Breast tenderness,1-5,عرض عام: ألم أو حساسية في الثدي.,,,,
symptom,rough-skin-lump,نتوء جلدي خشن صغير,Small rough skin lump,1-5,عرض عام: نتوء جلدي خشن صغير.,,,,
symptom,nail-discoloration,تغير لون الظفر أو سماكته,Nail discoloration or thickening,1-5,عرض عام: تغير لون الظفر أو سماكته.,,,,
symptom,ingrown-nail,ظفر نامٍ داخل الجلد,Ingrown nail,1-5,عرض عام: ظفر نامٍ داخل الجلد.,,,,
symptom,lip-blisters,فقاعات أو بثور مؤلمة حول الشفاه,Painful blisters around lips,1-5,عرض عام: فقاعات أو بثور مؤلمة حول الشفاه.,,,,
symptom,ring-shaped-rash,طفح دائري أو حلقي,Ring-shaped rash,1-5,عرض عام: طفح دائري أو حلقي.,,,,
symptom,eyelid-lump,كتلة أو حبة مؤلمة في الجفن,Painful eyelid lump,1-5,عرض عام: كتلة أو حبة مؤلمة في الجفن.,,,,
symptom,pain-after-activity,ألم يزداد بعد الحركة أو النشاط,Pain worse after activity,1-5,عرض عام: ألم يزداد بعد الحركة أو النشاط.,,,,
symptom,lower-back-pain,ألم أسفل الظهر,Lower back pain,1-5,عرض عام: ألم أسفل الظهر.,,,,
symptom,indigestion,عسر الهضم,Indigestion,1-5,عرض عام: عسر الهضم.,,,,
symptom,premenstrual-pattern,أعراض قبل الدورة,Premenstrual symptoms,1-5,عرض عام: أعراض قبل الدورة.,,,,
symptom,pain-ear-touch,ألم يزداد عند لمس أو تحريك الأذن,Ear pain worse when touched or moved,1-5,عرض عام: ألم يزداد عند لمس أو تحريك الأذن.,,,,
symptom,ear-canal-pain,ألم داخل قناة الأذن,Ear canal pain,1-5,عرض عام: ألم داخل قناة الأذن.,,,,
symptom,loud-noise-exposure,تعرض متكرر أو شديد لضوضاء عالية,Exposure to loud noise,1-5,عرض عام: تعرض متكرر أو شديد لضوضاء عالية.,,,,
symptom,sudden-hearing-loss,فقدان سمع مفاجئ,Sudden hearing loss,1-5,عرض عام: فقدان سمع مفاجئ.,,,,
symptom,muffled-hearing,سمع مكتوم أو غير واضح,Muffled hearing,1-5,عرض عام: سمع مكتوم أو غير واضح.,,,,
symptom,ear-discharge,إفرازات من الأذن,Ear discharge,1-5,عرض عام: إفرازات من الأذن.,,,,
symptom,burrow-like-rash,خطوط أو أنفاق صغيرة مع طفح,Small burrow-like lines with rash,1-5,عرض عام: خطوط أو أنفاق صغيرة مع طفح.,,,,
symptom,intense-night-itch,حكة شديدة تزداد ليلًا,Intense itching worse at night,1-5,عرض عام: حكة شديدة تزداد ليلًا.,,,,
symptom,eye-burning,حرقة أو لسع في العين,Burning or stinging eyes,1-5,عرض عام: حرقة أو لسع في العين.,,,,
symptom,food-triggered-swelling,تورم بعد تناول طعام,Swelling after eating a food,1-5,عرض عام: تورم بعد تناول طعام.,,,,
symptom,food-triggered-mouth-itch,حكة بالفم بعد طعام,Mouth itching after food,1-5,عرض عام: حكة بالفم بعد طعام.,,,,
symptom,painful-skin-nodules,عقد جلدية مؤلمة,Painful skin nodules,1-5,عرض عام: عقد جلدية مؤلمة.,,,,
symptom,blackheads-whiteheads,رؤوس سوداء أو بيضاء,Blackheads or whiteheads,1-5,عرض عام: رؤوس سوداء أو بيضاء.,,,,
symptom,acne-spots,حبوب أو بثور جلدية,Acne spots or pimples,1-5,عرض عام: حبوب أو بثور جلدية.,,,,
symptom,oily-skin,بشرة دهنية,Oily skin,1-5,عرض عام: بشرة دهنية.,,,,
symptom,excess-hair-growth,زيادة شعر الوجه أو الجسم,Excess facial or body hair,1-5,عرض عام: زيادة شعر الوجه أو الجسم.,,,,
symptom,irregular-periods,دورة شهرية غير منتظمة,Irregular periods,1-5,عرض عام: دورة شهرية غير منتظمة.,,,,
symptom,heavy-periods,دورة شهرية غزيرة,Heavy periods,1-5,عرض عام: دورة شهرية غزيرة.,,,,
symptom,pain-during-sex,ألم أثناء أو بعد الجماع,Pain during or after sex,1-5,عرض عام: ألم أثناء أو بعد الجماع.,,,,
symptom,pelvic-pain,ألم الحوض,Pelvic pain,1-5,عرض عام: ألم الحوض.,,,,
symptom,black-tarry-stool,براز أسود قطراني,Black tarry stool,1-5,عرض عام: براز أسود قطراني.,,,,
symptom,early-satiety,الشبع بسرعة,Feeling full very quickly,1-5,عرض عام: الشبع بسرعة.,,,,
symptom,upper-abdominal-burning,حرقان أو ألم أعلى البطن,Burning or pain in the upper abdomen,1-5,عرض عام: حرقان أو ألم أعلى البطن.,,,,
symptom,motion-triggered-dizziness,دوخة مع الحركة أو السفر,Dizziness triggered by travel or motion,1-5,عرض عام: دوخة مع الحركة أو السفر.,,,,
symptom,motion-triggered-nausea,غثيان مع الحركة أو السفر,Nausea triggered by travel or motion,1-5,عرض عام: غثيان مع الحركة أو السفر.,,,,
symptom,collapse-in-heat,انهيار أو إغماء مع الحر,Collapse or fainting in heat,1-5,عرض عام: انهيار أو إغماء مع الحر.,,,,
symptom,hot-dry-skin,جلد حار وجاف,Hot dry skin,1-5,عرض عام: جلد حار وجاف.,,,,
symptom,heat-exposure,التعرض لحرارة شديدة,Exposure to extreme heat,1-5,عرض عام: التعرض لحرارة شديدة.,,,,
symptom,position-triggered-vertigo,دوار مع تغيير وضع الرأس,Position-triggered vertigo,1-5,عرض عام: دوار مع تغيير وضع الرأس.,,,,
symptom,pain-on-deep-breath,ألم يزداد مع النفس العميق,Pain worse with deep breathing,1-5,عرض عام: ألم يزداد مع النفس العميق.,,,,
symptom,chest-wall-tenderness,ألم عند الضغط على جدار الصدر,Chest-wall tenderness,1-5,عرض عام: ألم عند الضغط على جدار الصدر.,,,,
symptom,reduced-urination,قلة التبول,Reduced urination,1-5,عرض عام: قلة التبول.,,,,
symptom,dark-urine,بول داكن,Dark urine,1-5,عرض عام: بول داكن.,,,,
symptom,dry-mouth,جفاف الفم,Dry mouth,1-5,عرض عام: جفاف الفم.,,,,
symptom,breathlessness-on-exertion,ضيق نفس مع المجهود,Breathlessness on exertion,1-5,عرض عام: ضيق نفس مع المجهود.,,,,
symptom,chronic-phlegm,بلغم مزمن,Chronic phlegm,1-5,عرض عام: بلغم مزمن.,,,,
symptom,chronic-cough,سعال مزمن,Chronic cough,1-5,عرض عام: سعال مزمن.,,,,
symptom,orthostatic-lightheadedness,دوخة عند الوقوف,Lightheadedness on standing,1-5,عرض عام: دوخة عند الوقوف.,,,,
symptom,non-blanching-rash,طفح لا يختفي بالضغط,Non-blanching rash,1-5,عرض عام: طفح لا يختفي بالضغط.,,,,
symptom,stiff-neck,تيبس شديد في الرقبة,Stiff neck,1-5,عرض عام: تيبس شديد في الرقبة.,,,,
symptom,tongue-swelling,تورم اللسان,Tongue swelling,1-5,عرض عام: تورم اللسان.,,,,
symptom,throat-swelling,تورم الحلق,Throat swelling,1-5,عرض عام: تورم الحلق.,,,,
symptom,skin-warmth,سخونة موضعية في الجلد,Localized skin warmth,1-5,عرض عام: سخونة موضعية في الجلد.,,,,
symptom,hot-swollen-skin,جلد حار ومتورم,Hot swollen skin,1-5,عرض عام: جلد حار ومتورم.,,,,
symptom,joint-redness,احمرار حول المفصل,Joint redness,1-5,عرض عام: احمرار حول المفصل.,,,,
symptom,big-toe-pain,ألم شديد في إصبع القدم الكبير,Big-toe pain,1-5,عرض عام: ألم شديد في إصبع القدم الكبير.,,,,
symptom,hot-swollen-joint,مفصل حار ومتورم,Hot swollen joint,1-5,عرض عام: مفصل حار ومتورم.,,,,
symptom,left-lower-abdominal-pain,ألم أسفل يسار البطن,Left lower abdominal pain,1-5,عرض عام: ألم أسفل يسار البطن.,,,,
symptom,right-lower-abdominal-pain,ألم أسفل يمين البطن,Right lower abdominal pain,1-5,عرض عام: ألم أسفل يمين البطن.,,,,
symptom,right-upper-abdominal-pain,ألم أعلى يمين البطن,Right upper abdominal pain,1-5,عرض عام: ألم أعلى يمين البطن.,,,,
symptom,greasy-stools,براز دهني أو زيتي,Greasy stools,1-5,عرض عام: براز دهني أو زيتي.,,,,
symptom,incomplete-evacuation,إحساس بعدم إفراغ الأمعاء,Incomplete bowel emptying,1-5,عرض عام: إحساس بعدم إفراغ الأمعاء.,,,,
symptom,straining-stool,الحزق أثناء التبرز,Straining to pass stool,1-5,عرض عام: الحزق أثناء التبرز.,,,,
symptom,watery-eyes,دموع زائدة,Watery eyes,1-5,عرض عام: دموع زائدة.,,,,
symptom,gritty-eyes,إحساس برمل أو خشونة في العين,Gritty eyes,1-5,عرض عام: إحساس برمل أو خشونة في العين.,,,,
symptom,eye-discharge,إفرازات من العين,Eye discharge,1-5,عرض عام: إفرازات من العين.,,,,
symptom,thick-nasal-discharge,إفرازات أنفية سميكة,Thick nasal discharge,1-5,عرض عام: إفرازات أنفية سميكة.,,,,
symptom,reduced-smell,ضعف حاسة الشم,Reduced sense of smell,1-5,عرض عام: ضعف حاسة الشم.,,,,
symptom,flank-pain,ألم الخاصرة,Flank pain,1-5,عرض عام: ألم الخاصرة.,,,,
symptom,blood-in-urine,دم في البول,Blood in urine,1-5,عرض عام: دم في البول.,,,,
symptom,cloudy-urine,بول عكر,Cloudy urine,1-5,عرض عام: بول عكر.,,,,
symptom,peeling-between-toes,تقشر أو تشقق بين أصابع القدم,Peeling or cracking between toes,1-5,عرض عام: تقشر أو تشقق بين أصابع القدم.,,,,
symptom,itch-between-toes,حكة بين أصابع القدم,Itching between toes,1-5,عرض عام: حكة بين أصابع القدم.,,,,
symptom,golden-skin-crusts,قروح جلدية بقشور ذهبية,Skin sores with golden crusts,1-5,عرض عام: قروح جلدية بقشور ذهبية.,,,,
symptom,itchy-scalp,حكة فروة الرأس,Itchy scalp,1-5,عرض عام: حكة فروة الرأس.,,,,
symptom,scalp-flakes,قشور في فروة الرأس,Flakes on the scalp,1-5,عرض عام: قشور في فروة الرأس.,,,,
symptom,swollen-gums,تورم أو احمرار اللثة,Swollen or red gums,1-5,عرض عام: تورم أو احمرار اللثة.,,,,
symptom,bleeding-gums,نزف اللثة عند تنظيف الأسنان,Gums bleed when brushing,1-5,عرض عام: نزف اللثة عند تنظيف الأسنان.,,,,
symptom,itchy-eyelids,حكة أو تهيج الجفون,Itchy or irritated eyelids,1-5,عرض عام: حكة أو تهيج الجفون.,,,,
symptom,eyelash-crusts,قشور حول جذور الرموش,Crusts around eyelash roots,1-5,عرض عام: قشور حول جذور الرموش.,,,,
symptom,daytime-sleepiness,نعاس زائد أثناء النهار,Excessive daytime sleepiness,1-5,عرض عام: نعاس زائد أثناء النهار.,,,,
symptom,sleep-breathing-pauses,توقف وعودة التنفس أثناء النوم,Breathing pauses and restarts during sleep,1-5,عرض عام: توقف وعودة التنفس أثناء النوم.,,,,
symptom,loud-snoring,شخير مرتفع,Loud snoring,1-5,عرض عام: شخير مرتفع.,,,,
symptom,leg-discomfort-at-rest,انزعاج بالساقين يزداد أثناء الراحة ليلًا,Leg discomfort worse at rest at night,1-5,عرض عام: انزعاج بالساقين يزداد أثناء الراحة ليلًا.,,,,
symptom,urge-move-legs,رغبة ملحة في تحريك الساقين,Strong urge to move the legs,1-5,عرض عام: رغبة ملحة في تحريك الساقين.,,,,
symptom,finger-stiffness-pain,ألم أو تيبس الإصبع,Finger pain or stiffness,1-5,عرض عام: ألم أو تيبس الإصبع.,,,,
symptom,finger-locking,إصبع يعلق في وضع الانثناء,Finger catches in a bent position,1-5,عرض عام: إصبع يعلق في وضع الانثناء.,,,,
symptom,jaw-clicking,طقطقة الفك عند تحريكه,Jaw clicking on movement,1-5,عرض عام: طقطقة الفك عند تحريكه.,,,,
symptom,jaw-pain-chewing,ألم الفك عند المضغ,Jaw pain when chewing,1-5,عرض عام: ألم الفك عند المضغ.,,,,
symptom,jaw-pain,ألم الفك,Jaw pain,1-5,عرض عام: ألم الفك.,,,,
symptom,elbow-pain-gripping,ألم المرفق عند الإمساك بالأشياء,Elbow pain when gripping objects,1-5,عرض عام: ألم المرفق عند الإمساك بالأشياء.,,,,
symptom,outer-elbow-pain,ألم الجهة الخارجية من المرفق,Pain on the outside of the elbow,1-5,عرض عام: ألم الجهة الخارجية من المرفق.,,,,
symptom,first-step-heel-pain,ألم الكعب عند أول خطوات بعد الراحة,Heel pain on first steps after rest,1-5,عرض عام: ألم الكعب عند أول خطوات بعد الراحة.,,,,
symptom,heel-sole-pain,ألم أسفل الكعب أو قوس القدم,Pain under the heel or foot arch,1-5,عرض عام: ألم أسفل الكعب أو قوس القدم.,,,,
symptom,joint-clicking,طقطقة المفاصل,Joint clicking (without pain),1-5,عرض عام: طقطقة المفاصل.,,,,
symptom,painful-urination,ألم عند التبول,Painful urination,1-5,عرض عام: ألم عند التبول.,,,,
symptom,frequent-urination,كثرة التبول,Frequent urination,1-5,عرض عام: كثرة التبول.,,,,
symptom,increased-thirst,زيادة العطش,Increased thirst,1-5,عرض عام: زيادة العطش.,,,,
symptom,general-weakness,ضعف عام,General weakness,1-5,عرض عام: ضعف عام.,,,,
symptom,swollen-lymph-nodes,تورم الغدد اللمفاوية,Swollen lymph nodes,1-5,عرض عام: تورم الغدد اللمفاوية.,,,,
symptom,night-sweats,تعرق ليلي,Night sweats,1-5,عرض عام: تعرق ليلي.,,,,
symptom,weight-gain,زيادة الوزن,Unexplained weight gain,1-5,عرض عام: زيادة الوزن.,,,,
symptom,weight-loss,نقص الوزن,Unexplained weight loss,1-5,عرض عام: نقص الوزن.,,,,
symptom,difficulty-concentrating,صعوبة التركيز,Difficulty concentrating,1-5,عرض عام: صعوبة التركيز.,,,,
symptom,irritability,تهيج وعصبية,Irritability,1-5,عرض عام: تهيج وعصبية.,,,,
symptom,panic-attack,نوبة هلع,Panic attack,1-5,عرض عام: نوبة هلع.,,,,
symptom,low-mood,مزاج منخفض,Low mood,1-5,عرض عام: مزاج منخفض.,,,,
symptom,anxiety,قلق,Anxiety,1-5,عرض عام: قلق.,,,,
symptom,irregular-heartbeat,عدم انتظام ضربات القلب,Irregular heartbeat,1-5,عرض عام: عدم انتظام ضربات القلب.,,,,
symptom,high-blood-pressure-symptoms,أعراض ارتفاع ضغط الدم,High blood pressure symptoms,1-5,عرض عام: أعراض ارتفاع ضغط الدم.,,,,
symptom,leg-swelling,تورم الساقين,Leg swelling,1-5,عرض عام: تورم الساقين.,,,,
symptom,cold-extremities,برودة الأطراف,Cold extremities,1-5,عرض عام: برودة الأطراف.,,,,
symptom,palpitations,خفقان القلب,Palpitations,1-5,عرض عام: خفقان القلب.,,,,
symptom,pale-skin,شحوب الجلد,Pale skin,1-5,عرض عام: شحوب الجلد.,,,,
symptom,swelling,تورم,Swelling,1-5,عرض عام: تورم.,,,,
symptom,hair-loss,تساقط الشعر,Hair loss,1-5,عرض عام: تساقط الشعر.,,,,
symptom,easy-bruising,كدمات سهلة,Easy bruising,1-5,عرض عام: كدمات سهلة.,,,,
symptom,dry-skin,جفاف الجلد,Dry skin,1-5,عرض عام: جفاف الجلد.,,,,
symptom,mouth-ulcers,تقرحات الفم,Mouth ulcers,1-5,عرض عام: تقرحات الفم.,,,,
symptom,hives,شرى جلدي,Hives,1-5,عرض عام: شرى جلدي.,,,,
symptom,skin-rash,طفح جلدي,Skin rash,1-5,عرض عام: طفح جلدي.,,,,
symptom,seizure,نوبة تشنجية,Seizure,1-5,عرض عام: نوبة تشنجية.,,,,
symptom,burning-sensation,إحساس بالحرقان,Burning sensation,1-5,عرض عام: إحساس بالحرقان.,,,,
symptom,balance-problems,اضطراب التوازن,Balance problems,1-5,عرض عام: اضطراب التوازن.,,,,
symptom,blurred-vision,تشوش الرؤية,Blurred vision,1-5,عرض عام: تشوش الرؤية.,,,,
symptom,tinnitus,طنين الأذن,Tinnitus,1-5,عرض عام: طنين الأذن.,,,,
symptom,insomnia,أرق واضطراب النوم,Insomnia,1-5,عرض عام: أرق واضطراب النوم.,,,,
symptom,memory-problems,مشاكل الذاكرة,Memory problems,1-5,عرض عام: مشاكل الذاكرة.,,,,
symptom,confusion,تشوش الذهن,Confusion,1-5,عرض عام: تشوش الذهن.,,,,
symptom,tremor,رعشة اليد,Tremor,1-5,عرض عام: رعشة اليد.,,,,
symptom,abdominal-cramps,مغص البطن,Abdominal cramps,1-5,عرض عام: مغص البطن.,,,,
symptom,excessive-gas,غازات زائدة,Excessive gas,1-5,عرض عام: غازات زائدة.,,,,
symptom,difficulty-swallowing,صعوبة البلع,Difficulty swallowing,1-5,عرض عام: صعوبة البلع.,,,,
symptom,blood-in-stool,دم في البراز,Blood in stool,1-5,عرض عام: دم في البراز.,,,,
symptom,loss-of-appetite,فقدان الشهية,Loss of appetite,1-5,عرض عام: فقدان الشهية.,,,,
symptom,heartburn,حرقة المعدة,Heartburn,1-5,عرض عام: حرقة المعدة.,,,,
symptom,bloating,انتفاخ البطن,Bloating,1-5,عرض عام: انتفاخ البطن.,,,,
symptom,constipation,إمساك,Constipation,1-5,عرض عام: إمساك.,,,,
symptom,rapid-breathing,تسارع التنفس,Rapid breathing,1-5,عرض عام: تسارع التنفس.,,,,
symptom,phlegm,بلغم,Phlegm,1-5,عرض عام: بلغم.,,,,
symptom,sinus-pressure,ضغط الجيوب الأنفية,Sinus pressure,1-5,عرض عام: ضغط الجيوب الأنفية.,,,,
symptom,hoarseness,بحة الصوت,Hoarseness,1-5,عرض عام: بحة الصوت.,,,,
symptom,loss-of-taste,فقدان حاسة التذوق,Loss of taste,1-5,عرض عام: فقدان حاسة التذوق.,,,,
symptom,loss-of-smell,فقدان حاسة الشم,Loss of smell,1-5,عرض عام: فقدان حاسة الشم.,,,,
symptom,nasal-congestion,احتقان الأنف,Nasal congestion,1-5,عرض عام: احتقان الأنف.,,,,
symptom,sneezing,عطس,Sneezing,1-5,عرض عام: عطس.,,,,
symptom,wrist-pain,ألم الرسغ,Wrist pain,1-5,عرض عام: ألم الرسغ.,,,,
symptom,eye-pain,ألم العين,Eye pain,1-5,عرض عام: ألم العين.,,,,
symptom,menstrual-cramps,ألم الدورة الشهرية,Menstrual cramps,1-5,عرض عام: ألم الدورة الشهرية.,,,,
symptom,muscle-cramps,تشنج عضلي,Muscle cramps,1-5,عرض عام: تشنج عضلي.,,,,
symptom,knee-pain,ألم الركبة,Knee pain,1-5,عرض عام: ألم الركبة.,,,,
symptom,shoulder-pain,ألم الكتف,Shoulder pain,1-5,عرض عام: ألم الكتف.,,,,
symptom,tooth-pain,ألم الأسنان,Tooth pain,1-5,عرض عام: ألم الأسنان.,,,,
symptom,ear-pain,ألم الأذن,Ear pain,1-5,عرض عام: ألم الأذن.,,,,
symptom,neck-pain,ألم الرقبة,Neck pain,1-5,عرض عام: ألم الرقبة.,,,,
symptom,back-pain,ألم الظهر,Back pain,1-5,عرض عام: ألم الظهر.,,,,
symptom,suicidal-thoughts,أفكار لإيذاء النفس,Thoughts of self-harm,1-5,عرض عام: أفكار لإيذاء النفس.,,,,
symptom,severe-bleeding,نزيف شديد,Severe bleeding,1-5,عرض عام: نزيف شديد.,,,,
symptom,loss-of-consciousness,فقدان الوعي,Loss of consciousness,1-5,عرض عام: فقدان الوعي.,,,,
symptom,sudden-vision-loss,فقدان مفاجئ للرؤية,Sudden vision loss,1-5,عرض عام: فقدان مفاجئ للرؤية.,,,,
symptom,face-drooping,تدلي الوجه,Face drooping,1-5,عرض عام: تدلي الوجه.,,,,
symptom,speech-difficulty,صعوبة في الكلام,Speech difficulty,1-5,عرض عام: صعوبة في الكلام.,,,,
symptom,one-sided-weakness,ضعف في جانب واحد,One-sided weakness,1-5,عرض عام: ضعف في جانب واحد.,,,,
symptom,sweating,تعرق غير معتاد,Unusual sweating,1-5,عرض عام: تعرق غير معتاد.,,,,
symptom,chest-pain,ألم الصدر,Chest pain,1-5,عرض عام: ألم الصدر.,,,,
symptom,chest-tightness,ضيق الصدر,Chest tightness,1-5,عرض عام: ضيق الصدر.,,,,
symptom,shortness-of-breath,ضيق التنفس,Shortness of breath,1-5,عرض عام: ضيق التنفس.,,,,
symptom,wheezing,صفير التنفس,Wheezing,1-5,عرض عام: صفير التنفس.,,,,
symptom,dehydration,جفاف,Dehydration,1-5,عرض عام: جفاف.,,,,
symptom,eye-redness,احمرار العين,Eye redness,1-5,عرض عام: احمرار العين.,,,,
symptom,itching,حكة,Itching,1-5,عرض عام: حكة.,,,,
symptom,leg-pain,ألم الرجل أو الساق,Leg pain,1-5,عرض عام: ألم الرجل أو الساق.,,,,
symptom,joint-pain,ألم المفاصل,Joint pain,1-5,عرض عام: ألم المفاصل.,,,,
symptom,widespread-numbness,تنميل في أكثر من مكان,Numbness in multiple areas,1-5,عرض عام: تنميل في أكثر من مكان.,,,,
symptom,one-sided-numbness,تنميل مفاجئ في جهة واحدة,Sudden one-sided numbness,1-5,عرض عام: تنميل مفاجئ في جهة واحدة.,,,,
symptom,facial-numbness,تنميل الوجه,Facial numbness,1-5,عرض عام: تنميل الوجه.,,,,
symptom,foot-numbness,تنميل القدمين أو أصابع القدم,Foot or toe numbness,1-5,عرض عام: تنميل القدمين أو أصابع القدم.,,,,
symptom,hand-numbness,تنميل اليدين أو الأصابع,Hand or finger numbness,1-5,عرض عام: تنميل اليدين أو الأصابع.,,,,
symptom,numbness,تنميل أو خدر,Numbness or tingling,1-5,عرض عام: تنميل أو خدر.,,,,
symptom,dizziness,دوخة,Dizziness,1-5,عرض عام: دوخة.,,,,
symptom,abdominal-pain,ألم البطن,Abdominal pain,1-5,عرض عام: ألم البطن.,,,,
symptom,diarrhea,إسهال,Diarrhea,1-5,عرض عام: إسهال.,,,,
symptom,chills,قشعريرة,Chills,1-5,عرض عام: قشعريرة.,,,,
symptom,body-aches,آلام الجسم,Body aches,1-5,عرض عام: آلام الجسم.,,,,
symptom,fatigue,تعب وإرهاق,Fatigue,1-5,عرض عام: تعب وإرهاق.,,,,
symptom,runny-nose,سيلان الأنف,Runny nose,1-5,عرض عام: سيلان الأنف.,,,,
symptom,sore-throat,ألم الحلق,Sore throat,1-5,عرض عام: ألم الحلق.,,,,
symptom,cough,سعال,Cough,1-5,عرض عام: سعال.,,,,
symptom,fever,حمى,Fever,1-5,عرض عام: حمى.,,,,
symptom,sound-sensitivity,حساسية للصوت,Sensitivity to sound,1-5,عرض عام: حساسية للصوت.,,,,
symptom,light-sensitivity,حساسية للضوء,Sensitivity to light,1-5,عرض عام: حساسية للضوء.,,,,
symptom,vomiting,قيء,Vomiting,1-5,عرض عام: قيء.,,,,
symptom,nausea,غثيان,Nausea,1-5,عرض عام: غثيان.,,,,
symptom,severe-headache,صداع شديد مفاجئ,Sudden severe headache,1-5,عرض عام: صداع شديد مفاجئ.,,,,
symptom,headache,صداع,Headache,1-5,عرض عام: صداع.,,,,
red_flag,gi-bleeding-black-stool,براز أسود قطراني,Black tarry stool,urgent,البراز الأسود القطراني قد يدل على نزيف بالجهاز الهضمي ويحتاج تقييمًا طبيًا عاجلًا.,[],اطلب تقييمًا طبيًا عاجلًا، وخاصة مع دوخة أو إغماء أو قيء دموي.,,
red_flag,sudden-hearing-loss,فقدان سمع مفاجئ,Sudden hearing loss,urgent,فقدان السمع المفاجئ يحتاج تقييمًا طبيًا عاجلًا ولا ينبغي الانتظار.,[],اطلب تقييمًا طبيًا عاجلًا اليوم ولا تنتظر عودة السمع تلقائيًا.,,
red_flag,heat-stroke-pattern,علامات ضربة الحر,Heat stroke warning signs,urgent,الارتباك أو التشنج أو فقدان الوعي مع التعرض الشديد للحر قد يدل على ضربة حر.,"['اغماء من الحر', 'تشنج من الحر', 'انهار من الحر']",اتصل بخدمات الطوارئ فورًا، وانقل الشخص لمكان أبرد وابدأ التبريد الآمن أثناء انتظار المساعدة.,,
red_flag,hot-swollen-joint-fever,مفصل حار ومتورم مع حرارة,Hot swollen joint with fever,urgent,المفصل الحار والمتورم مع حرارة قد يشير إلى عدوى بالمفصل ويحتاج تقييمًا عاجلًا.,[],اطلب تقييمًا طبيًا عاجلًا في نفس اليوم.,,
red_flag,severe-dehydration,علامات جفاف شديد,Severe dehydration signs,urgent,الارتباك أو الإغماء أو انقطاع البول مع الجفاف علامات تستدعي مساعدة طبية عاجلة.,"['لا اتبول', 'انقطاع البول', 'جفاف شديد مع اغماء', 'جفاف مع ارتباك']",اطلب تقييمًا طبيًا عاجلًا إذا ظهرت علامات الجفاف الشديد.,,
red_flag,non-blanching-rash,طفح لا يختفي بالضغط,Non-blanching rash,urgent,الطفح الذي لا يختفي بالضغط مع المرض العام قد يكون علامة خطيرة ويحتاج مساعدة عاجلة.,[],اطلب مساعدة طبية فورية إذا كان الشخص مريضًا بوضوح أو ظهرت علامات التهاب السحايا أو تدهور سريع.,,
red_flag,meningitis-pattern,صداع شديد مع تيبس الرقبة والحمى,Severe headache with stiff neck and fever,urgent,الصداع الشديد مع تيبس الرقبة والحمى يحتاج تقييمًا طبيًا عاجلًا لاحتمال عدوى خطيرة.,[],اطلب مساعدة طبية عاجلة ولا تنتظر ظهور طفح جلدي.,,
red_flag,anaphylaxis-airway,تورم مفاجئ بالحلق أو اللسان,Sudden throat or tongue swelling,urgent,تورم الحلق أو اللسان قد يكون علامة تحسس شديد يهدد التنفس.,"['تورم الحلق', 'تورم اللسان', 'الحلق يقفل', 'صعوبة بلع مفاجئة']",اطلب خدمات الطوارئ فورًا إذا ظهر تورم مفاجئ بالحلق أو اللسان أو صعوبة تنفس/بلع.,,
red_flag,chest-review,ألم في الصدر,Chest pain,review,ألم الصدر يحتاج تقييمًا طبيًا حتى دون علامات أخرى.,[],اطلب تقييمًا طبيًا، واطلب الطوارئ فورًا إذا كان الألم مفاجئًا أو مستمراً أو ترافق مع ضيق تنفس أو دوار.,,
red_flag,severe-breathing,ضيق تنفس شديد,Severe breathing difficulty,urgent,ضيق التنفس الشديد يحتاج تقييمًا عاجلًا.,[],تواصل مع خدمات الطوارئ المناسبة فورًا.,,
red_flag,self-harm,خطر إيذاء النفس,Risk of self-harm,urgent,أفكار إيذاء النفس تحتاج دعمًا فوريًا وعدم البقاء وحيدًا.,[],إذا كان الخطر مباشراً فلا تبقَ وحيداً وتواصل مع خدمات الطوارئ أو جهة دعم مناسبة فورًا.,,
red_flag,severe-head-neuro,صداع شديد مع علامة عصبية,Severe headache with neurological sign,urgent,الصداع الشديد المفاجئ مع ضعف في جانب واحد علامة طارئة.,[],اطلب خدمات الطوارئ فورًا.,,
red_flag,severe-bleeding,نزيف شديد,Severe bleeding,urgent,النزيف الشديد أو الذي لا يتوقف يحتاج طوارئ.,[],اطلب الطوارئ أو توجّه للرعاية العاجلة المناسبة.,,
red_flag,seizure-event,نوبة تشنجية,Seizure,urgent,النوبة التشنجية علامة تستدعي طلب الطوارئ، خصوصًا إن كانت الأولى أو استمرت طويلًا.,[],اطلب الطوارئ فورًا، خصوصًا إن استمرت النوبة أكثر من 5 دقائق أو تكررت أو لم يستعد الوعي بعدها.,,
red_flag,unconscious,فقدان الوعي,Loss of consciousness,urgent,فقدان الوعي علامة تستدعي طلب الطوارئ.,[],تواصل مع خدمات الطوارئ المناسبة فورًا.,,
red_flag,sudden-vision,فقدان الرؤية المفاجئ,Sudden vision loss,urgent,فقدان الرؤية المفاجئ يحتاج تقييمًا عاجلًا.,[],اطلب تقييمًا طبيًا طارئاً فورًا.,,
red_flag,face-droop,تدلي الوجه المفاجئ,Sudden face drooping,urgent,تدلي الوجه المفاجئ يحتاج طلب الطوارئ فورًا.,[],اطلب خدمات الطوارئ فورًا.,,
red_flag,stroke-combination,علامات سكتة دماغية محتملة,Possible stroke signs,urgent,ضعف جانب واحد مع صعوبة الكلام علامة طارئة محتملة.,[],اطلب خدمات الطوارئ فورًا ولا تنتظر زوال الأعراض.,,
red_flag,chest-breathing,ألم الصدر مع ضيق التنفس,Chest pain with breathing difficulty,urgent,ألم الصدر مع صعوبة التنفس قد يحتاج رعاية عاجلة.,[],اطلب الرعاية الطبية العاجلة أو تواصل مع خدمات الطوارئ المناسبة.,,
red_flag,sudden-facial-numbness,تنميل مفاجئ في الوجه,Sudden facial numbness,urgent,التنميل المفاجئ في الوجه من علامات السكتة الدماغية المعروفة (اختبار FAST) ويستدعي تقييمًا طارئًا.,[],اطلب خدمات الطوارئ فورًا ولا تنتظر زوال الأعراض.,,
red_flag,sudden-one-sided-weakness,ضعف مفاجئ في جهة واحدة,Sudden one-sided weakness,urgent,الضعف المفاجئ في جهة واحدة من الجسم قد يكون علامة سكتة دماغية.,[],اطلب خدمات الطوارئ فورًا ولا تنتظر زوال الأعراض.,,
red_flag,sudden-one-sided-numbness,تنميل مفاجئ في جهة واحدة,Sudden one-sided numbness,urgent,التنميل المفاجئ في جهة واحدة قد يكون علامة عصبية طارئة.,[],اطلب خدمات الطوارئ فورًا ولا تنتظر زوال الأعراض.,,
red_flag,severe-chest-pain,ألم صدر شديد,Severe chest pain,urgent,ألم الصدر الشديد أو الضغط الشديد في الصدر يحتاج تقييمًا عاجلًا.,"['ألم صدر شديد', 'الم صدر شديد', 'ألم شديد في الصدر', 'الم شديد في الصدر', 'ضغط شديد في الصدر']",اطلب خدمات الطوارئ المناسبة فورًا إذا كان ألم الصدر شديدًا أو مفاجئًا، ولا تنتظر زواله.,,
