id,symptoms,tier,question_ar,question_en,ages,decision (approve / edit / reject),clinician notes
cp_radiating,"chest-pain,chest-tightness",emergency,هل ينتشر ألم الصدر إلى الذراع أو الفك أو الظهر، أو يصاحبه عرق بارد أو ضيق نفس؟,"Does the chest pain spread to the arm, jaw or back, or come with cold sweat or breathlessness?",,,
cp_pressure,"chest-pain,chest-tightness",emergency,هل هو ضغط أو عصر شديد في الصدر مستمر أكثر من 15 دقيقة؟,Is it a severe pressure or squeezing in the chest lasting more than 15 minutes?,,,
sob_speech,shortness-of-breath,emergency,هل تعجز عن إكمال جملة كاملة بسبب ضيق النفس، أو يميل لون الشفاه إلى الأزرق؟,"Can you not finish a full sentence because of breathlessness, or are your lips turning blue?",,,
sob_legswell,shortness-of-breath,today,هل يصاحب ضيق النفس تورم في الساقين أو ألم في إحداهما؟,Is the breathlessness together with leg swelling or pain in one leg?,,,
ha_thunder,"headache,severe-headache",emergency,هل بدأ الصداع فجأة وبأشد درجة (كأسوأ صداع في حياتك)؟,Did the headache start suddenly at full strength (the worst headache of your life)?,,,
ha_neck_fever,"headache,severe-headache",emergency,هل يصاحب الصداع تيبس في الرقبة مع حرارة، أو طفح لا يختفي بالضغط؟,"Is the headache together with a stiff neck and fever, or a rash that does not fade when pressed?",,,
ha_neuro,"headache,severe-headache,dizziness",emergency,هل ظهر مع العرض ضعف في جهة واحدة أو التواء في الوجه أو صعوبة في الكلام أو فقدان مفاجئ للرؤية؟,"Did weakness on one side, a drooping face, trouble speaking or sudden vision loss appear?",,,
ha_head_injury,headache,today,هل بدأ الصداع بعد ضربة على الرأس؟,Did the headache start after a blow to the head?,,,
ab_rigid,abdominal-pain,emergency,هل البطن قاسٍ ومؤلم جدًا عند اللمس بحيث لا تستطيع الحركة أو الاستقامة؟,Is the abdomen hard and so painful to touch that you cannot move or straighten up?,,,
ab_blood,"abdominal-pain,vomiting,diarrhea,blood-in-stool",emergency,هل هناك قيء فيه دم أو براز أسود لزج أو دم غزير في البراز؟,"Is there vomit containing blood, black tarry stool or heavy blood in the stool?",,,
ab_fever,abdominal-pain,today,هل يصاحب ألم البطن حرارة أو قيء متكرر لا يتوقف؟,Does the abdominal pain come with fever or repeated vomiting that will not stop?,,,
fv_infant,fever,emergency,هل عمر الطفل أقل من 3 أشهر؟,Is the baby younger than 3 months old?,"(0, 0.99)",,
fv_rash_neck,fever,emergency,هل تصاحب الحرارة رقبة متيبسة أو طفح لا يختفي بالضغط عليه أو ارتباك في الوعي؟,"Is the fever together with a stiff neck, a rash that does not fade on pressure, or confusion?",,,
fv_long,fever,today,هل استمرت الحرارة أكثر من 3 أيام أو تتكرر الارتفاعات فوق 39؟,Has the fever lasted more than 3 days or keeps going above 39°C?,,,
dz_faint,"dizziness,loss-of-consciousness,palpitations",emergency,هل أغمي عليك أو شعرت أنك ستفقد الوعي مع ألم في الصدر أو خفقان شديد؟,"Did you faint, or feel you would, together with chest pain or a pounding heartbeat?",,,
bk_cauda,back-pain,emergency,هل يصاحب ألم الظهر تنميل بين الساقين أو فقدان التحكم بالبول أو البراز أو ضعف في الساقين؟,"Is the back pain with numbness between the legs, loss of bladder/bowel control or leg weakness?",,,
vm_dehyd,"vomiting,diarrhea",today,هل مرّت 8 ساعات أو أكثر دون تبول، أو لا تستطيع شرب السوائل دون قيء؟,"Has it been 8+ hours without urinating, or can you not keep fluids down?",,,
ur_flank,painful-urination,today,هل يصاحب حرقان البول حرارة أو ألم في الجنب أو الظهر؟,Is the burning urination with fever or flank/back pain?,,,
ey_sudden,eye-pain,emergency,هل فقدت الرؤية فجأة أو ظهرت ومضات وستارة سوداء في النظر؟,"Did you lose vision suddenly, or see flashes with a dark curtain?",,,
cf_acute,confusion,emergency,هل بدأ التشوش فجأة، أو يصاحبه حرارة أو صداع شديد أو ضعف في جهة واحدة أو إصابة حديثة في الرأس؟,"Did the confusion start suddenly, or come with fever, a severe headache, one-sided weakness or a recent head injury?",,,
mh_selfharm,"low-mood,anxiety,panic-attack",emergency,هل تراودك أفكار بإنهاء حياتك أو إيذاء نفسك؟,Are you having thoughts of ending your life or hurting yourself?,,,
bl_heavy,severe-bleeding,emergency,هل النزيف غزير ولا يتوقف بالضغط المباشر عشر دقائق؟,Is the bleeding heavy and not stopping after 10 minutes of direct pressure?,,,
