key,category,title_ar,text_ar,last_reviewed,sources,decision (approve / edit / reject),clinician notes
dizziness,symptom,الدوخة,الدوخة هي إحساس بعدم الثبات أو أن كل شيء حولك يتحرك أو يدور، أو الشعور بخفة الرأس وعدم الاتزان. حالة شائعة جدًا وقد تكون خفيفة وتزول وحدها، لكن يجب الانتباه عندما تتكرر أو تصبح شديدة.,2026-09-17,MedlinePlus: https://medlineplus.gov/dizzinessandvertigo.html; Mayo Clinic: https://www.mayoclinic.org/diseases-conditions/dizziness/symptoms-causes/syc-20371787; NHS: https://www.nhs.uk/conditions/dizziness/,,
sweet_taste,symptom,طعم حلو أو غير معتاد في الفم,الإحساس بطعم حلو أو غير معتاد في الفم يُعد تغيرًا في حاسة التذوق. قد يكون مؤقتًا وله أسباب متعددة، ولا يكفي هذا العرض وحده لتحديد مرض أو تشخيص معين.,2026-09-17,NIDCD: https://www.nidcd.nih.gov/health/taste-disorders; Cleveland Clinic: https://my.clevelandclinic.org/health/diseases/22047-dysgeusia,,
fever,symptom,الحمى,غالبًا تُعد درجة حرارة 38°م أو أكثر حرارة مرتفعة لدى البالغين، مع اختلاف التفسير حسب العمر وطريقة القياس والحالة. وقد تكون استجابة الجسم الطبيعية لمقاومة عدوى مثل الفيروسات أو البكتيريا.,2026-09-17,NHS: https://www.nhs.uk/symptoms/fever-in-adults/; Mayo Clinic: https://www.mayoclinic.org/diseases-conditions/fever/symptoms-causes/syc-20352759; Cleveland Clinic: https://my.clevelandclinic.org/health/symptoms/10880-fever,,
eye_redness,symptom,احمرار العين,احمرار العين هو تمدد الأوعية الدموية في الجزء الأبيض من العين فيبدو سطحها محمراً. غالبًا ما يكون بسيطًا ومؤقتًا، لكنه قد يشير أحياناً إلى التهاب أو مشكلة تحتاج تقييمًا.,2026-09-17,NHS: https://www.nhs.uk/conditions/red-eye/; MedlinePlus (U.S. National Library of Medicine): https://medlineplus.gov/ency/article/003031.htm; Mayo Clinic: https://www.mayoclinic.org/diseases-conditions/pink-eye/symptoms-causes/syc-20376355,,
headache,symptom,الصداع,الصداع هو ألم في الرأس أو منطقة الوجه، وهو من أكثر الشكاوى الصحية شيوعاً. معظم الصداع يكون بسيطًا ويستجيب للراحة والمسكنات، لكن بعض الأنواع تستدعي الانتباه.,2026-09-17,NHS: https://www.nhs.uk/conditions/headaches/; Mayo Clinic: https://www.mayoclinic.org/symptoms/headache/basics/causes/sym-20050800; Cleveland Clinic: https://my.clevelandclinic.org/health/diseases/8257-tension-headaches,,
chest_pain,symptom,ألم الصدر,ألم الصدر هو شعور بألم أو ضغط أو ضيق في منطقة الصدر. لا يجب الاستخفاف بأي ألم صدر، خاصةً إذا كان جديداً أو شديدًا، لأن بعض أسبابه طارئة وخطيرة.,2026-09-17,NHS: https://www.nhs.uk/conditions/chest-pain/; Cleveland Clinic: https://my.clevelandclinic.org/health/symptoms/21209-chest-pain; American Heart Association: https://www.heart.org/en/health-topics/heart-attack/angina-chest-pain,,
shortness_of_breath,symptom,ضيق التنفس,ضيق التنفس هو الإحساس بعدم القدرة على أخذ نفس كافٍ أو أن التنفس صعب. قد يحدث فجأة أو تدريجياً، ويتراوح بين مجهود عادي وحالة طارئة.,2026-09-17,NHS: https://www.nhs.uk/conditions/shortness-of-breath/; Mayo Clinic: https://www.mayoclinic.org/symptoms/shortness-of-breath/basics/causes/sym-20050890; Cleveland Clinic: https://my.clevelandclinic.org/health/symptoms/16942-dyspnea,,
fatigue,symptom,التعب والإرهاق,التعب أو الإرهاق هو شعور بفقدان الطاقة والطاقة الذهنية والجسدية. يختلف عن النعاس، ويحدث لأسباب يومية كثيرة وقد يكون أحياناً مؤشراً على حالة صحية.,2026-09-17,MedlinePlus: https://medlineplus.gov/fatigue.html; Mayo Clinic: https://www.mayoclinic.org/symptoms/fatigue/basics/causes/sym-20050894; NHS: https://www.nhs.uk/symptoms/tiredness-and-fatigue/,,
nausea,symptom,الغثيان,الغثيان هو الإحساس بعدم الراحة في المعدة مع رغبة في التقيؤ، وقد يحدث قبل القيء أو بدونه. عادةً ما يكون مؤقتًا ويحل من تلقاء نفسه.,2026-09-17,MedlinePlus: https://medlineplus.gov/nauseaandvomiting.html; Mayo Clinic: https://www.mayoclinic.org/symptoms/nausea/basics/causes/sym-20050736; NHS: https://www.nhs.uk/conditions/feeling-sick-nausea/,,
sore_throat,symptom,ألم الحلق,ألم الحلق هو إحساس بالتهيج أو الخشونة أو الألم عند البلع. غالبًا ما ينتج عن عدوى فيروسية بسيطة، لكن العدوى البكتيرية تحتاج مضاداً حيوياً موصوفاً من الطبيب.,2026-09-17,NHS: https://www.nhs.uk/conditions/sore-throat/; Mayo Clinic: https://www.mayoclinic.org/diseases-conditions/sore-throat/symptoms-causes/syc-20351635; CDC: https://www.cdc.gov/sore-throat/about/index.html,,
cough,symptom,السعال,السعال هو رد فعل طبيعي من الجسم لطرد المهيجات أو المخاط من المجاري التنفسية. معظم حالات السعال بسيطة وتزول خلال أيام أو أسابيع.,2026-09-17,NHS: https://www.nhs.uk/conditions/cough/; Mayo Clinic: https://www.mayoclinic.org/symptoms/cough/basics/causes/sym-20050846; Cleveland Clinic: https://my.clevelandclinic.org/health/symptoms/17755-cough,,
stomach_ache,symptom,ألم البطن,ألم البطن هو ألم أو تشنج في منطقة البطن، ويختلف حسب موقعه وشدته ومدته. معظم الألم البطني خفيف ومؤقت، لكن بعض الحالات تحتاج تقييمًا عاجلًا.,2026-09-17,NHS: https://www.nhs.uk/conditions/stomach-ache/; Mayo Clinic: https://www.mayoclinic.org/symptoms/abdominal-pain/basics/causes/sym-20050728; Cleveland Clinic: https://my.clevelandclinic.org/health/symptoms/4167-abdominal-pain,,
dehydration,symptom,الجفاف,الجفاف هو فقدان الجسم للماء والأملاح أكثر مما يدخل إليه. قد يحدث مع الطقس الحار أو المجهود أو الإسهال والقيء، ويؤثر على وظائف الجسم الأساسية.,2026-09-17,NHS: https://www.nhs.uk/conditions/dehydration/; Mayo Clinic: https://www.mayoclinic.org/diseases-conditions/dehydration/symptoms-causes/syc-20354086; Cleveland Clinic: https://my.clevelandclinic.org/health/diseases/9013-dehydration,,
conjunctivitis,term,التهاب الملتحمة,التهاب الملتحمة هو التهاب أو تهيج في الغشاء الرقيق الذي يغطي الجزء الأبيض من العين والسطح الداخلي للجفن، ويسبب احمرار العين وتهيجها.,2026-09-17,NHS: https://www.nhs.uk/conditions/conjunctivitis/; Mayo Clinic: https://www.mayoclinic.org/diseases-conditions/pink-eye/symptoms-causes/syc-20376355; CDC: https://www.cdc.gov/conjunctivitis/about/index.html,,
anemia,term,فقر الدم,فقر الدم هو حالة ينخفض فيها مستوى الهيموجلوبين أو كريات الدم الحمراء في الدم، فتصبح قدرة الدم على حمل الأكسجين أقل. من أكثر أنواعه شيوعاً فقر الدم بسبب نقص الحديد.,2026-09-17,MedlinePlus: https://medlineplus.gov/anemia.html; Mayo Clinic: https://www.mayoclinic.org/diseases-conditions/anemia/symptoms-causes/syc-20351360; NHLBI (NIH): https://www.nhlbi.nih.gov/health/anemia,,
diabetes,term,مرض السكري,السكري هو حالة ترتفع فيها نسبة السكر في الدم لأن الجسم لا ينتج كمية كافية من الأنسولين أو لا يستخدمه بشكل فعال، ما يؤثر على تحويل الغذاء إلى طاقة.,2026-09-17,MedlinePlus: https://medlineplus.gov/diabetes.html; Mayo Clinic: https://www.mayoclinic.org/diseases-conditions/diabetes/symptoms-causes/syc-20371444; WHO: https://www.who.int/news-room/fact-sheets/detail/diabetes,,
hypertension,term,ارتفاع ضغط الدم,ارتفاع ضغط الدم هو قوة ضخ الدم على جدران الشرايين أعلى من المعدل الطبيعي بشكل مستمر. غالبًا لا تظهر له أعراض، ولهذا يسمى «القاتل الصامت»، ويُكتشف بالقياس المنتظم.,2026-09-17,MedlinePlus: https://medlineplus.gov/highbloodpressure.html; American Heart Association: https://www.heart.org/en/health-topics/high-blood-pressure; WHO: https://www.who.int/news-room/fact-sheets/detail/hypertension,,
asthma,term,الربو,الربو هو حالة مزمنة تلتهب فيها المجاري الهوائية وتضيق، فيسبب صعوبة التنفس وأزيزاً (صوت صفير) وسعالاً، خاصةً في الليل أو مع النشاط.,2026-09-17,MedlinePlus: https://medlineplus.gov/asthma.html; Mayo Clinic: https://www.mayoclinic.org/diseases-conditions/asthma/symptoms-causes/syc-20369653; WHO: https://www.who.int/news-room/fact-sheets/detail/asthma,,
wbc,test,WBC — كريات الدم البيضاء,WBC هو اختصار لعدد كريات الدم البيضاء (خلايا الدم البيضاء). هذه الخلايا جزء من جهاز المناعة وتساعد الجسم على مقاومة العدوى، ويُقاس عددها ضمن فحص تعداد الدم الكامل (CBC).,2026-09-17,MedlinePlus: https://medlineplus.gov/lab-tests/complete-blood-count-cbc/; Cleveland Clinic: https://my.clevelandclinic.org/health/body/21871-white-blood-cells; Mayo Clinic: https://www.mayoclinic.org/symptoms/high-white-blood-cell-count/basics/causes/sym-20050611,,
rbc,test,RBC — كريات الدم الحمراء,RBC هو عدد كريات الدم الحمراء، وهي الخلايا التي تحمل الأكسجين من الرئتين إلى جميع أنحاء الجسم عبر الهيموجلوبين.,2026-09-17,MedlinePlus: https://medlineplus.gov/lab-tests/complete-blood-count-cbc/; Cleveland Clinic: https://my.clevelandclinic.org/health/body/21691-function-of-red-blood-cells; Cleveland Clinic: https://my.clevelandclinic.org/health/symptoms/17810-high-red-blood-cell-count,,
hgb,test,HGB — الهيموجلوبين,الهيموجلوبين هو البروتين الموجود داخل كريات الدم الحمراء الذي يحمل الأكسجين ويعطي الدم لونه الأحمر. انخفاضه هو المقياس الرئيسي لفقر الدم.,2026-09-17,MedlinePlus: https://medlineplus.gov/lab-tests/complete-blood-count-cbc/; Mayo Clinic: https://www.mayoclinic.org/tests-procedures/hemoglobin-test/about/pac-20385075; Cleveland Clinic: https://my.clevelandclinic.org/health/diagnostics/17790-hemoglobin-test,,
platelets,test,PLT — الصفائح الدموية,الصفائح الدموية هي أجزاء صغيرة في الدم تساعد على تجلط الدم وإيقاف النزيف عند الجروح. تُقاس ضمن فحص تعداد الدم الكامل.,2026-09-17,MedlinePlus: https://medlineplus.gov/lab-tests/complete-blood-count-cbc/; Cleveland Clinic: https://my.clevelandclinic.org/health/diagnostics/21782-platelet-count; NHLBI (NIH): https://www.nhlbi.nih.gov/health/thrombocytopenia,,
neutrophils,test,NEUT — النيتروفيلز,النيتروفيلز هي أكثر أنواع كريات الدم البيضاء عدداً، وهي خط الدفاع الأول ضد العدوى البكتيرية. يُعطى عددها كنسبة مئوية ضمن تحليل صورة الدم.,2026-09-17,MedlinePlus: https://medlineplus.gov/lab-tests/complete-blood-count-cbc/; Cleveland Clinic: https://my.clevelandclinic.org/health/body/22313-neutrophils; Cleveland Clinic: https://my.clevelandclinic.org/health/diseases/21058-neutropenia,,
lymphocytes,test,LYMPH — اللمفاويات,اللمفاويات نوع من كريات الدم البيضاء المسؤولة عن المناعة ومواجهة العدوى الفيروسية وإنتاج الأجسام المضادة.,2026-09-17,MedlinePlus: https://medlineplus.gov/lab-tests/complete-blood-count-cbc/; Cleveland Clinic: https://my.clevelandclinic.org/health/body/23342-lymphocytes; NHLBI (NIH): https://www.nhlbi.nih.gov/health/lymphopenia,,
mcv,test,MCV — متوسط حجم الكرية الحمراء,MCV يقيس متوسط حجم كريات الدم الحمراء، ويساعد في تحديد نوع فقر الدم (نقص الحديد مثلاً أو نقص الفيتامينات).,2026-09-17,MedlinePlus: https://medlineplus.gov/lab-tests/complete-blood-count-cbc/; Cleveland Clinic: https://my.clevelandclinic.org/health/diagnostics/24641-mcv-blood-test,,
paracetamol,medication,الباراسيتامول (بنادول),الباراسيتامول مسكن ألم وخافض للحرارة من أكثر الأدوية شيوعاً وأماناً عند الالتزام بالجرعة الموصوفة. مناسب لمن لا يناسبهم مضادات الالتهاب مثل الأسبرين أو البروفين.,2026-09-17,MedlinePlus: https://medlineplus.gov/druginfo/meds/a681004.html; NHS: https://www.nhs.uk/medicines/paracetamol-for-adults/; Mayo Clinic: https://www.mayoclinic.org/drugs-supplements/acetaminophen-oral-route-rectal-route/description/drg-20068480,,
ibuprofen,medication,البروفين (إيبوبروفين),البروفين مسكن ألم ومضاد التهاب وخافض حرارة من مجموعة مضادات الالتهاب غير الستيرويدية (NSAIDs)، ويعمل على تقليل الالتهاب والألم والتورم.,2026-09-17,MedlinePlus: https://medlineplus.gov/druginfo/meds/a682159.html; Mayo Clinic: https://www.mayoclinic.org/drugs-supplements/ibuprofen-oral-route/description/drg-20070602; Cleveland Clinic: https://my.clevelandclinic.org/health/drugs/20168-ibuprofen-capsules-or-tablets,,
antibiotics,medication,المضادات الحيوية,المضادات الحيوية أدوية تعالج الالتهابات التي تسببها البكتيريا فقط، ولا تعمل ضد الفيروسات مثل نزلات البرد والإنفلونزا. يجب استخدامها فقط بوصفة طبية.,2026-09-17,MedlinePlus: https://medlineplus.gov/antibiotics.html; CDC: https://www.cdc.gov/antibiotic-use/data-research/facts-stats/index.html; Mayo Clinic: https://www.mayoclinic.org/healthy-lifestyle/consumer-health/in-depth/antibiotics/art-20045720,,
cbc,test,تحليل CBC — تعداد الدم الكامل,تحليل CBC هو فحص دم شامل يقيس مكونات الدم الرئيسية: كريات الدم الحمراء والهيموجلوبين، كريات الدم البيضاء، والصفائح الدموية، ويستخدم لتقييم الصحة العامة وكشف اضطرابات مثل فقر الدم والعدوى.,2026-09-17,MedlinePlus: https://medlineplus.gov/lab-tests/complete-blood-count-cbc/; Cleveland Clinic: https://my.clevelandclinic.org/health/diagnostics/4053-complete-blood-count; NHLBI (NIH): https://www.nhlbi.nih.gov/health/blood-tests,,
bmi,term,مؤشر كتلة الجسم (BMI),مؤشر كتلة الجسم هو رقم يُحسب من الطول والوزن لتقييم ما إذا كان الوزن في نطاق طبيعي، ناقصاً، زائداً، أو سمنة. مؤشر تقريبي ولا يقيس تكوين الجسم مباشرة.,2026-09-17,CDC: https://www.cdc.gov/bmi/adult-calculator/bmi-categories.html; Cleveland Clinic: https://my.clevelandclinic.org/health/articles/9464-body-mass-index-bmi; American Heart Association: https://www.heart.org/en/healthy-living/healthy-eating/losing-weight/bmi-in-adults,,
cholesterol,test,الكوليسترول,الكوليسترول مادة دهنية ضرورية لبناء الخلايا، لكن ارتفاعه في الدم (خاصةً النوع الضار LDL) يزيد خطر تراكم الدهون في الشرايين وأمراض القلب والجلطات.,2026-09-17,MedlinePlus: https://medlineplus.gov/cholesterol.html; American Heart Association: https://www.heart.org/en/health-topics/cholesterol/about-cholesterol; CDC: https://www.cdc.gov/cholesterol/about/index.html,,
constipation,symptom,الإمساك,الإمساك قد يظهر كبراز صلب أو صعوبة التبرز أو قلة التبرز عن المعتاد.,2026-09-17,NHS: https://www.nhs.uk/conditions/constipation/; Mayo Clinic: https://www.mayoclinic.org/diseases-conditions/constipation/symptoms-causes/syc-20354253; NIDDK (NIH): https://www.niddk.nih.gov/health-information/digestive-diseases/constipation,,
bloating,symptom,انتفاخ البطن,الانتفاخ شعور بامتلاء البطن؛ وقد يزيد بعد الأكل بسبب الغازات أو ابتلاع الهواء.,2026-09-17,NHS: https://www.nhs.uk/conditions/bloating/; Cleveland Clinic: https://my.clevelandclinic.org/health/symptoms/21740-bloated-stomach; Johns Hopkins Medicine: https://www.hopkinsmedicine.org/health/wellness-and-prevention/bloating-causes-and-prevention-tips,,
reflux,symptom,حرقة المعدة,قد يسبب رجوع حمض المعدة حرقة وطعمًا حامضًا، وتزداد الأعراض أحيانًا بعد الأكل أو الاستلقاء.,2026-09-17,NHS: https://www.nhs.uk/conditions/heartburn-and-acid-reflux/; NHS: https://www.nhs.uk/conditions/heart-attack/,,
diarrhea,symptom,الإسهال,الإسهال هو براز رخو أو مائي؛ تعويض السوائل مهم لتجنب الجفاف.,2026-09-17,NHS: https://www.nhs.uk/symptoms/diarrhoea-and-vomiting/; Mayo Clinic: https://www.mayoclinic.org/diseases-conditions/diarrhea/symptoms-causes/syc-20352241; NIDDK (NIH): https://www.niddk.nih.gov/health-information/digestive-diseases/diarrhea,,
hair_loss,symptom,تساقط الشعر,تساقط الشعر له أسباب كثيرة، وبعضه مؤقت وبعضه وراثي أو مرتبط بحالة صحية أو علاج.,2026-09-21,National Health Service: https://www.nhs.uk/conditions/hair-loss/; Mayo Clinic: https://www.mayoclinic.org/diseases-conditions/hair-loss/symptoms-causes/syc-20372926; American Academy of Dermatology: https://www.aad.org/public/diseases/hair-loss/causes/18-causes,,
period_pain,symptom,ألم الدورة,تقلصات الرحم قد تسبب ألمًا مع بداية الدورة، لكن الألم المعطل للنشاط يحتاج تقييمًا.,2026-09-17,NHS: https://www.nhs.uk/symptoms/period-pain/; Mayo Clinic: https://www.mayoclinic.org/diseases-conditions/menstrual-cramps/symptoms-causes/syc-20374938; Cleveland Clinic: https://my.clevelandclinic.org/health/diseases/4148-dysmenorrhea,,
palpitations,symptom,خفقان القلب,الخفقان شعور أوضح أو غير معتاد بضربات القلب. قد يثيره الكافيين، لكن تكراره يحتاج تقييمًا.,2026-09-17,NHS: https://www.nhs.uk/symptoms/heart-palpitations/; Mayo Clinic: https://www.mayoclinic.org/diseases-conditions/heart-palpitations/symptoms-causes/syc-20373196; Johns Hopkins Medicine: https://www.hopkinsmedicine.org/health/conditions-and-diseases/palpitations,,
tingling,symptom,تنميل الأطراف,قد يحدث وخز مؤقت بعد الضغط على طرف أثناء النوم أو الجلوس؛ الاستمرار يحتاج فحصًا.,2026-09-17,NHS: https://www.nhs.uk/symptoms/pins-and-needles/; NHS: https://www.nhs.uk/conditions/stroke/symptoms/,,
back_pain,symptom,ألم الظهر,ألم الظهر شائع وقد يرتبط بشد عضلي؛ لا يمكن تحديد سببه من مكان الألم وحده.,2026-09-17,NHS: https://www.nhs.uk/conditions/back-pain/; Mayo Clinic: https://www.mayoclinic.org/symptoms/back-pain/basics/causes/sym-20050878; Johns Hopkins Medicine: https://www.hopkinsmedicine.org/health/conditions-and-diseases/back-pain,,
neck_pain,symptom,ألم الرقبة,قد يرتبط ألم الرقبة بوضعية النوم أو الجلوس أو شد العضلات.,2026-09-17,NHS: https://www.nhs.uk/symptoms/neck-pain-and-stiff-neck/; NHS: https://www.nhs.uk/conditions/meningitis/,,
toothache,symptom,ألم الأسنان,ألم الأسنان يحتاج تقييم طبيب أسنان لتحديد السبب وعلاجه.,2026-09-17,NHS: https://www.nhs.uk/symptoms/toothache/; Cleveland Clinic: https://my.clevelandclinic.org/health/diseases/10957-toothache; Mayo Clinic: https://www.mayoclinic.org/first-aid/first-aid-toothache/basics/art-20056628,,
earache,symptom,ألم الأذن,ألم الأذن له أسباب متعددة، وقد يحتاج فحص الأذن لتحديدها.,2026-09-17,NHS: https://www.nhs.uk/symptoms/earache/; Cleveland Clinic: https://my.clevelandclinic.org/health/symptoms/earache-ear-pain,,
tinnitus,symptom,طنين الأذن,هو سماع رنين أو أزيز أو صوت دون مصدر خارجي، وقد يكون مؤقتًا أو مستمرًا وله أسباب متعددة.,2026-09-21,National Institute on Deafness and Other Communication Disorders: https://www.nidcd.nih.gov/health/tinnitus; Mayo Clinic: https://www.mayoclinic.org/diseases-conditions/tinnitus/symptoms-causes/syc-20350156; Cleveland Clinic: https://my.clevelandclinic.org/health/symptoms/14164-tinnitus,,
insomnia,symptom,الأرق,الأرق قد يشمل صعوبة بدء النوم أو الاستمرار فيه مع تعب نهاري.,2026-09-17,NHS: https://www.nhs.uk/conditions/insomnia/; Mayo Clinic: https://www.mayoclinic.org/diseases-conditions/insomnia/symptoms-causes/syc-20355167; NHLBI (NIH): https://www.nhlbi.nih.gov/health/insomnia,,
excessive_thirst,symptom,العطش الزائد,العطش المستمر رغم شرب السوائل يحتاج معرفة السبب، ولا يثبت السكري وحده.,2026-09-17,NHS: https://www.nhs.uk/symptoms/thirst/; MedlinePlus (U.S. National Library of Medicine): https://medlineplus.gov/ency/article/003085.htm; Cleveland Clinic: https://my.clevelandclinic.org/health/symptoms/24050-polydipsia,,
urinary_symptoms,symptom,حرقة البول,الحرقة أو زيادة التبول قد ترافق التهاب المسالك، لكن الأعراض وحدها لا تؤكد السبب.,2026-09-17,NHS: https://www.nhs.uk/conditions/urinary-tract-infections-utis/; Mayo Clinic: https://www.mayoclinic.org/diseases-conditions/urinary-tract-infection/symptoms-causes/syc-20353447; Cleveland Clinic: https://my.clevelandclinic.org/health/symptoms/15176-dysuria-painful-urination,,
hives,symptom,الشرى,الشرى طفح مرتفع وحاك؛ لا يمكن تأكيد نوع الطفح من الوصف وحده.,2026-09-17,NHS: https://www.nhs.uk/conditions/hives/; Mayo Clinic: https://www.mayoclinic.org/diseases-conditions/hives-and-angioedema/symptoms-causes/syc-20354908; American Academy of Dermatology: https://www.aad.org/public/diseases/a-z/hives-overview,,
mouth_ulcers,symptom,قرح الفم,شائعة وغالبًا تلتئم خلال أسبوع أو أسبوعين، وقد تظهر بعد احتكاك أو عض الخد أو التوتر وعوامل أخرى.,2026-09-21,National Health Service: https://www.nhs.uk/conditions/mouth-ulcers/; Cleveland Clinic: https://my.clevelandclinic.org/health/diseases/21766-mouth-ulcer; Mayo Clinic: https://www.mayoclinic.org/diseases-conditions/canker-sore/symptoms-causes/syc-20370615,,
vitamin_d,test,تحليل فيتامين د,يقيس غالبًا 25(OH)D لتقييم مستوى فيتامين د، المهم لصحة العظام.,2026-09-17,U.S. National Library of Medicine: https://medlineplus.gov/lab-tests/vitamin-d-test/; NIH Office of Dietary Supplements: https://ods.od.nih.gov/factsheets/VitaminD-Consumer/; Cleveland Clinic: https://my.clevelandclinic.org/health/diseases/15050-vitamin-d-vitamin-d-deficiency,,
vitamin_b12,test,تحليل فيتامين ب12,يساعد في تقييم فيتامين ب12 المرتبط بوظائف الأعصاب وتكوين خلايا الدم.,2026-09-17,U.S. National Library of Medicine: https://medlineplus.gov/lab-tests/vitamin-b-test/; Johns Hopkins Medicine: https://www.hopkinsmedicine.org/health/conditions-and-diseases/vitamin-b12-deficiency-anemia; NHLBI (NIH): https://www.nhlbi.nih.gov/health/anemia/vitamin-b12-deficiency-anemia,,
ferritin,test,مخزون الحديد,الفيريتين بروتين يخزن الحديد. انخفاضه قد يشير لقلة المخزون، وارتفاعه لا يعني دائمًا زيادة الحديد.,2026-09-17,U.S. National Library of Medicine: https://medlineplus.gov/lab-tests/ferritin-blood-test/; Cleveland Clinic: https://my.clevelandclinic.org/health/diagnostics/17820-ferritin-test; Mayo Clinic: https://www.mayoclinic.org/tests-procedures/ferritin-test/about/pac-20384928,,
hba1c,test,السكر التراكمي,يعكس متوسط سكر الدم خلال شهرين إلى ثلاثة أشهر، وليس قراءة السكر اللحظية.,2026-09-17,U.S. National Library of Medicine: https://medlineplus.gov/lab-tests/hemoglobin-a1c-hba1c-test/; Mayo Clinic: https://www.mayoclinic.org/tests-procedures/a1c-test/about/pac-20384643; American Diabetes Association: https://diabetes.org/about-diabetes/a1c,,
tsh,test,تحليل الغدة TSH,يقيس الهرمون المنبه للغدة الدرقية. يساعد في تقييم وظيفتها ولا يحدد سبب الاضطراب وحده.,2026-09-17,U.S. National Library of Medicine: https://medlineplus.gov/lab-tests/tsh-thyroid-stimulating-hormone-test/; Cleveland Clinic: https://my.clevelandclinic.org/health/articles/23524-thyroid-stimulating-hormone-tsh-levels; Johns Hopkins Medicine: https://www.hopkinsmedicine.org/health/treatment-tests-and-therapies/thyroid-function-tests,,
creatinine,test,تحليل الكرياتينين,الكرياتينين ناتج من العضلات تتخلص منه الكلى؛ يفسر عادة مع eGFR ونتائج أخرى.,2026-09-17,U.S. National Library of Medicine: https://medlineplus.gov/lab-tests/creatinine-test/; Mayo Clinic: https://www.mayoclinic.org/tests-procedures/creatinine-test/about/pac-20384646; Cleveland Clinic: https://my.clevelandclinic.org/health/diagnostics/16380-creatinine-clearance-test,,
heat_exhaustion,symptom,الإجهاد الحراري,قد يحدث بعد التعرض للحر وفقد الماء والملح، وقد يسبب تعرقًا شديدًا ودوخة وصداعًا وغثيانًا وضعفًا.,2026-09-20,CDC: https://www.cdc.gov/niosh/heat-stress/about/illnesses.html; Mayo Clinic: https://www.mayoclinic.org/diseases-conditions/heat-exhaustion/symptoms-causes/syc-20373250; Cleveland Clinic: https://my.clevelandclinic.org/health/diseases/21480-heat-exhaustion,,
heatstroke,symptom,ضربة الحر,ضربة الحر أخطر أمراض الحرارة وتحدث عندما يفشل الجسم في التحكم بدرجته، وقد تسبب اضطراب الوعي أو تشنجًا أو فقدان الوعي.,2026-09-20,CDC: https://www.cdc.gov/niosh/heat-stress/about/illnesses.html; Mayo Clinic: https://www.mayoclinic.org/diseases-conditions/heat-stroke/symptoms-causes/syc-20353581; Cleveland Clinic: https://my.clevelandclinic.org/health/diseases/21812-heatstroke,,
motion_sickness,symptom,دوار الحركة,قد يسبب السفر بالسيارة أو القارب أو الطائرة دوخة أو غثيانًا أو قيئًا أو صداعًا.,2026-09-20,NHS: https://www.nhs.uk/conditions/motion-sickness/; Cleveland Clinic: https://my.clevelandclinic.org/health/diseases/12782-motion-sickness; MedlinePlus (U.S. National Library of Medicine): https://medlineplus.gov/motionsickness.html,,
peptic_ulcer,symptom,قرحة المعدة أو الاثني عشر,قد تسبب ألمًا أو حرقة أعلى البطن، أو الشبع بسرعة، أو الغثيان والانتفاخ، لكن الأعراض وحدها لا تؤكد القرحة.,2026-09-20,NIDDK: https://www.niddk.nih.gov/health-information/digestive-diseases/peptic-ulcers-stomach-ulcers/symptoms-causes; Mayo Clinic: https://www.mayoclinic.org/diseases-conditions/peptic-ulcer/symptoms-causes/syc-20354223; Cleveland Clinic: https://my.clevelandclinic.org/health/diseases/10350-peptic-ulcer-disease,,
endometriosis,symptom,بطانة الرحم المهاجرة,قد تسبب ألمًا شديدًا مع الدورة، وألم الحوض أو أثناء/بعد الجماع، وأحيانًا أعراضًا هضمية أو بولية مرتبطة بالدورة.,2026-09-20,NICHD: https://www.nichd.nih.gov/health/topics/endometri/conditioninfo/symptoms; Mayo Clinic: https://www.mayoclinic.org/diseases-conditions/endometriosis/symptoms-causes/syc-20354656; Cleveland Clinic: https://my.clevelandclinic.org/health/diseases/10857-endometriosis,,
pcos,symptom,متلازمة تكيس المبايض (PCOS/PMOS),قد ترتبط بعدم انتظام الدورة، وزيادة شعر الوجه أو الجسم، وحب الشباب أو البشرة الدهنية، وتغيرات الوزن. التشخيص يحتاج تقييمًا طبيًا.,2026-09-20,NICHD: https://www.nichd.nih.gov/health/topics/pcos/conditioninfo/symptoms; WHO: https://www.who.int/news-room/fact-sheets/detail/polycystic-ovary-syndrome; Mayo Clinic: https://www.mayoclinic.org/diseases-conditions/pcos/symptoms-causes/syc-20353439,,
food_allergy,symptom,حساسية الطعام,قد تسبب حساسية الطعام حكة بالفم أو شرى أو تورمًا أو أعراضًا هضمية بعد طعام معين. تحديد المسبب يحتاج تقييمًا.,2026-09-20,NIAID: https://pubweb-prod.niaid.nih.gov/diseases-conditions/food-allergy; Mayo Clinic: https://www.mayoclinic.org/diseases-conditions/food-allergy/symptoms-causes/syc-20355095; American Academy of Pediatrics — HealthyChildren: https://www.healthychildren.org/English/healthy-living/nutrition/Pages/Food-Allergies-in-Children.aspx,,
dry_eye,symptom,جفاف العين,قد يسبب الجفاف إحساسًا بالحرقة أو الرمل أو الخشونة، واحمرارًا أو ضبابية مؤقتة في الرؤية.,2026-09-20,NEI: https://www.nei.nih.gov/eye-health-information/eye-conditions-and-diseases/dry-eye; Mayo Clinic: https://www.mayoclinic.org/diseases-conditions/dry-eyes/symptoms-causes/syc-20371863; Johns Hopkins Medicine: https://www.hopkinsmedicine.org/health/conditions-and-diseases/dry-eye,,
hearing_loss,symptom,ضعف السمع,قد يظهر ضعف السمع كصعوبة فهم الكلام أو الحاجة لرفع الصوت أو سماع الأصوات بشكل مكتوم.,2026-09-20,NIDCD: https://www.nidcd.nih.gov/health/adult-hearing-health-care; Mayo Clinic: https://www.mayoclinic.org/diseases-conditions/hearing-loss/symptoms-causes/syc-20373072; Cleveland Clinic: https://my.clevelandclinic.org/health/diseases/17673-hearing-loss,,
sudden_hearing_loss,symptom,فقدان السمع المفاجئ,الفقدان السريع للسمع في أذن واحدة أو كلتيهما قد يحدث خلال ساعات أو أيام، ولا ينبغي افتراض أنه مجرد شمع أو احتقان.,2026-09-20,NIDCD: https://www.nidcd.nih.gov/health/sudden-deafness; Johns Hopkins Medicine: https://www.hopkinsmedicine.org/news/articles/2023/03/quick-intervention-guide-for-sudden-hearing-loss,,
acne,symptom,حب الشباب,حب الشباب حالة شائعة تسبب رؤوسًا سوداء أو بيضاء وبثورًا وقد تكون بعض البثور عميقة ومؤلمة.,2026-09-20,NHS: https://www.nhs.uk/conditions/acne/; Mayo Clinic: https://www.mayoclinic.org/diseases-conditions/acne/symptoms-causes/syc-20368047; American Academy of Dermatology: https://www.aad.org/public/diseases/acne/really-acne/overview,,
scabies,symptom,الجرب,الجرب طفح شديد الحكة يسببه عث صغير وينتقل غالبًا بالمخالطة الجلدية القريبة؛ الحكة غالبًا تزداد ليلًا.,2026-09-20,NHS: https://www.nhs.uk/conditions/Scabies/; CDC: https://www.cdc.gov/scabies/about/index.html; Mayo Clinic: https://www.mayoclinic.org/diseases-conditions/scabies/symptoms-causes/syc-20377378,,
outer_ear_infection,symptom,التهاب قناة الأذن الخارجية,قد يسبب ألمًا داخل قناة الأذن يزداد عند لمس الأذن أو تحريكها، وأحيانًا إفرازات أو سمعًا مكتومًا.,2026-09-20,NHS: https://www.nhs.uk/conditions/ear-infections/; Mayo Clinic: https://www.mayoclinic.org/diseases-conditions/swimmers-ear/symptoms-causes/syc-20351682; Johns Hopkins Medicine: https://www.hopkinsmedicine.org/health/conditions-and-diseases/swimmers-ear,,
sinusitis,symptom,التهاب الجيوب الأنفية,قد يسبب احتقانًا وضغطًا أو ألمًا بالوجه مع إفرازات أنفية ونقص الشم، وغالبًا يأتي بعد نزلة برد.,2026-09-20,NHS: https://www.nhs.uk/conditions/sinusitis-sinus-infection/; Cleveland Clinic: https://my.clevelandclinic.org/health/diseases/17701-sinusitis; Mayo Clinic: https://www.mayoclinic.org/diseases-conditions/acute-sinusitis/symptoms-causes/syc-20351671,,
kidney_stones,symptom,حصى الكلى,قد تسبب حصى الكلى ألمًا شديدًا بالخاصرة أو الجانب يمتد أحيانًا للأسفل مع غثيان أو دم في البول.,2026-09-20,NIDDK: https://www.niddk.nih.gov/health-information/urologic-diseases/kidney-stones/symptoms-causes; Mayo Clinic: https://www.mayoclinic.org/diseases-conditions/kidney-stones/symptoms-causes/syc-20355755; Cleveland Clinic: https://my.clevelandclinic.org/health/diseases/15604-kidney-stones,,
gallstones,symptom,حصى المرارة,قد تسبب حصى المرارة ألمًا قويًا أعلى يمين البطن أو منتصفه، وأحيانًا بعد الطعام، وقد يصاحبه غثيان.,2026-09-20,NHS: https://www.nhs.uk/conditions/gallstones/; Mayo Clinic: https://www.mayoclinic.org/diseases-conditions/gallstones/symptoms-causes/syc-20354214; NIDDK (NIH): https://www.niddk.nih.gov/health-information/digestive-diseases/gallstones,,
ibs,symptom,متلازمة القولون العصبي,قد تسبب ألمًا أو تقلصات بالبطن مع انتفاخ وتغير في التبرز بين الإسهال والإمساك، وغالبًا تتغير الأعراض مع الوقت.,2026-09-20,NHS: https://www.nhs.uk/conditions/irritable-bowel-syndrome-ibs/; Mayo Clinic: https://www.mayoclinic.org/diseases-conditions/irritable-bowel-syndrome/symptoms-causes/syc-20360016; NIDDK (NIH): https://www.niddk.nih.gov/health-information/digestive-diseases/irritable-bowel-syndrome/definition-facts,,
eczema,symptom,الإكزيما التأتبية,الإكزيما قد تسبب جفافًا وحكة واحمرارًا أو تشققًا بالجلد، وقد تتفاقم على فترات.,2026-09-20,NHS: https://www.nhs.uk/conditions/atopic-eczema/; Mayo Clinic: https://www.mayoclinic.org/diseases-conditions/atopic-dermatitis-eczema/symptoms-causes/syc-20353273; American Academy of Dermatology: https://www.aad.org/public/diseases/eczema/types/atopic-dermatitis,,
gout,symptom,النقرس,قد يسبب ألمًا شديدًا مفاجئًا مع احمرار وسخونة وتورم في مفصل، وغالبًا إصبع القدم الكبير.,2026-09-20,NHS: https://www.nhs.uk/conditions/gout/; Mayo Clinic: https://www.mayoclinic.org/diseases-conditions/gout/symptoms-causes/syc-20372897; NIAMS (NIH): https://www.niams.nih.gov/health-topics/gout,,
migraine,symptom,الصداع النصفي,قد يسبب صداعًا نابضًا متوسطًا أو شديدًا مع غثيان وحساسية للضوء أو الصوت، وقد يتكرر على شكل نوبات.,2026-09-20,WHO: https://www.who.int/news-room/fact-sheets/detail/headache-disorders; Mayo Clinic: https://www.mayoclinic.org/diseases-conditions/migraine-headache/symptoms-causes/syc-20360201; NINDS (NIH): https://www.ninds.nih.gov/health-information/disorders/migraine,,
vertigo,symptom,الدوار,الدوار هو إحساس بأنك أو المكان يدور، وقد يرتبط بمشكلات في الأذن الداخلية أو أسباب أخرى.,2026-09-20,NHS: https://www.nhs.uk/conditions/vertigo/; Cleveland Clinic: https://my.clevelandclinic.org/health/symptoms/21769-vertigo; MedlinePlus (U.S. National Library of Medicine): https://medlineplus.gov/dizzinessandvertigo.html,,
shingles,symptom,الحزام الناري,قد يبدأ بألم أو وخز ثم يظهر طفح وبثور على جهة واحدة من الجسم غالبًا.,2026-09-20,NHS: https://www.nhs.uk/conditions/shingles/; Mayo Clinic: https://www.mayoclinic.org/diseases-conditions/shingles/symptoms-causes/syc-20353054; CDC: https://www.cdc.gov/shingles/about/index.html,,
hemorrhoids,symptom,البواسير,قد تسبب البواسير نزفًا أحمر فاتحًا بعد التبرز مع حكة أو ألم أو كتلة حول فتحة الشرج.,2026-09-20,NHS: https://www.nhs.uk/conditions/piles-haemorrhoids/; Mayo Clinic: https://www.mayoclinic.org/diseases-conditions/hemorrhoids/symptoms-causes/syc-20360268; NIDDK (NIH): https://www.niddk.nih.gov/health-information/digestive-diseases/hemorrhoids,,
sleep_apnea,symptom,انقطاع النفس أثناء النوم,قد يظهر كشخير مرتفع مع توقف وعودة التنفس أثناء النوم ونعاس أو تعب بالنهار.,2026-09-20,NHS: https://www.nhs.uk/conditions/sleep-apnoea/; Mayo Clinic: https://www.mayoclinic.org/diseases-conditions/sleep-apnea/symptoms-causes/syc-20377631; NHLBI (NIH): https://www.nhlbi.nih.gov/health/sleep-apnea,,
restless_legs,symptom,متلازمة تململ الساقين,تسبب رغبة قوية في تحريك الساقين مع إحساس مزعج يزداد غالبًا أثناء الراحة أو في الليل.,2026-09-20,NHS: https://www.nhs.uk/conditions/restless-legs-syndrome/; Mayo Clinic: https://www.mayoclinic.org/diseases-conditions/restless-legs-syndrome/symptoms-causes/syc-20377168; NINDS (NIH): https://www.ninds.nih.gov/health-information/disorders/restless-legs-syndrome,,
low_back_pain,symptom,ألم أسفل الظهر,ألم أسفل الظهر شائع وغالبًا يتحسن، وقد يرتبط بإجهاد أو حركة أو وضعية.,2026-09-20,NHS: https://www.nhs.uk/conditions/back-pain/; WHO: https://www.who.int/news-room/fact-sheets/detail/low-back-pain; Johns Hopkins Medicine: https://www.hopkinsmedicine.org/health/conditions-and-diseases/back-pain/low-back-pain,,
knee_pain_common,symptom,ألم الركبة,ألم الركبة قد ينتج عن إجهاد أو إصابة بسيطة أو أسباب مفصلية مختلفة.,2026-09-20,NHS: https://www.nhs.uk/symptoms/knee-pain/; Mayo Clinic: https://www.mayoclinic.org/diseases-conditions/knee-pain/symptoms-causes/syc-20350849; Cleveland Clinic: https://my.clevelandclinic.org/health/symptoms/21207-knee-pain,,
shoulder_pain_common,symptom,ألم الكتف,قد يرتبط ألم الكتف بإجهاد أو التهاب أو تيبس أو إصابة، ولا يمكن تحديد السبب من الألم وحده.,2026-09-20,NHS: https://www.nhs.uk/symptoms/shoulder-pain/; Cleveland Clinic: https://my.clevelandclinic.org/health/symptoms/25122-shoulder-pain; Mayo Clinic: https://www.mayoclinic.org/symptoms/shoulder-pain/basics/causes/sym-20050696,,
stye,symptom,شعيرة الجفن,كتلة صغيرة مؤلمة في الجفن غالبًا بسبب التهاب بصيلة رمش أو غدة صغيرة.,2026-09-20,NHS: https://www.nhs.uk/conditions/stye/; Mayo Clinic: https://www.mayoclinic.org/diseases-conditions/sty/symptoms-causes/syc-20378017; Cleveland Clinic: https://my.clevelandclinic.org/health/diseases/17658-stye,,
ringworm,symptom,السعفة,عدوى فطرية شائعة قد تظهر كطفح دائري متقشر أو حاك.,2026-09-20,NHS: https://www.nhs.uk/conditions/ringworm/; CDC: https://www.cdc.gov/ringworm/about/index.html; Mayo Clinic: https://www.mayoclinic.org/diseases-conditions/ringworm-body/symptoms-causes/syc-20353780,,
cold_sore,symptom,قرحة البرد,غالبًا تبدأ بوخز أو حكة ثم تظهر فقاعات مؤلمة حول الشفاه أو الوجه.,2026-09-20,NHS: https://www.nhs.uk/conditions/cold-sores/; Mayo Clinic: https://www.mayoclinic.org/diseases-conditions/cold-sore/symptoms-causes/syc-20371017; American Academy of Dermatology: https://www.aad.org/public/diseases/a-z/cold-sores-overview,,
ingrown_toenail,symptom,ظفر نامٍ للداخل,يدخل طرف الظفر في الجلد فيسبب ألمًا واحمرارًا أو تورمًا.,2026-09-20,NHS: https://www.nhs.uk/conditions/ingrown-toenail/; Mayo Clinic: https://www.mayoclinic.org/diseases-conditions/ingrown-toenails/symptoms-causes/syc-20355903; Cleveland Clinic: https://my.clevelandclinic.org/health/diseases/17664-ingrown-toenails,,
fungal_nail,symptom,فطريات الأظافر,قد يصبح الظفر سميكًا أو متغير اللون أو هشًا بسبب عدوى فطرية.,2026-09-20,NHS: https://www.nhs.uk/conditions/fungal-nail-infection/; Mayo Clinic: https://www.mayoclinic.org/diseases-conditions/nail-fungus/symptoms-causes/syc-20353294; American Academy of Dermatology: https://www.aad.org/public/diseases/a-z/nail-fungus-overview,,
warts,symptom,الثآليل,نتوءات جلدية صغيرة وخشنة غالبًا، وقد تظهر في اليدين أو القدمين.,2026-09-20,NHS: https://www.nhs.uk/conditions/warts-and-verrucas/; Mayo Clinic: https://www.mayoclinic.org/diseases-conditions/common-warts/symptoms-causes/syc-20371125; American Academy of Dermatology: https://www.aad.org/public/diseases/a-z/warts-overview,,
pms,symptom,أعراض ما قبل الدورة (PMS),قد تظهر أعراض مزاجية وجسدية في الأيام السابقة للدورة وتخف بعد بدايتها.,2026-09-20,ACOG: https://www.acog.org/womens-health/faqs/premenstrual-syndrome; Mayo Clinic: https://www.mayoclinic.org/diseases-conditions/premenstrual-syndrome/symptoms-causes/syc-20376780; Cleveland Clinic: https://my.clevelandclinic.org/health/diseases/24288-pms-premenstrual-syndrome,,
heavy_periods,symptom,غزارة الدورة,الغزارة قد تكون نزفًا أكثر أو أطول من المعتاد ويمكن أن تؤثر في النشاط أو تسبب فقر دم.,2026-09-20,ACOG: https://www.acog.org/womens-health/faqs/heavy-menstrual-bleeding; Mayo Clinic: https://www.mayoclinic.org/diseases-conditions/menorrhagia/symptoms-causes/syc-20352829; CDC: https://www.cdc.gov/female-blood-disorders/about/heavy-menstrual-bleeding.html,,
irregular_periods,symptom,عدم انتظام الدورة,تغير الفاصل بين الدورات أو تغير نمطك المعتاد قد يحدث لأسباب متعددة.,2026-09-20,NHS: https://www.nhs.uk/symptoms/irregular-periods/; Cleveland Clinic: https://my.clevelandclinic.org/health/diseases/14633-abnormal-menstruation-periods; Mayo Clinic: https://www.mayoclinic.org/healthy-lifestyle/womens-health/in-depth/menstrual-cycle/art-20047186,,
vaginal_thrush,symptom,فطريات المهبل,قد تسبب حكة وتهيجًا مع إفرازات بيضاء سميكة، لكن الأعراض قد تشبه أسبابًا أخرى.,2026-09-20,NHS: https://www.nhs.uk/conditions/thrush-in-men-and-women/; Mayo Clinic: https://www.mayoclinic.org/diseases-conditions/yeast-infection/symptoms-causes/syc-20378999; CDC: https://www.cdc.gov/candidiasis/about/index.html,,
bacterial_vaginosis,symptom,اختلال البكتيريا المهبلية (BV),سبب شائع لتغير الإفرازات ورائحتها، وغالبًا تكون الإفرازات رقيقة مع رائحة قوية.,2026-09-20,NHS: https://www.nhs.uk/conditions/bacterial-vaginosis/; CDC: https://www.cdc.gov/bacterial-vaginosis/about/index.html; Mayo Clinic: https://www.mayoclinic.org/diseases-conditions/bacterial-vaginosis/symptoms-causes/syc-20352279,,
anal_fissure,symptom,الشق الشرجي,تمزق صغير قد يسبب ألمًا حادًا أثناء التبرز وحرقانًا بعده مع دم أحمر فاتح.,2026-09-20,NHS: https://www.nhs.uk/conditions/anal-fissure/; Mayo Clinic: https://www.mayoclinic.org/diseases-conditions/anal-fissure/symptoms-causes/syc-20351424; Cleveland Clinic: https://my.clevelandclinic.org/health/diseases/13177-anal-fissures,,
indigestion,symptom,عسر الهضم,قد يسبب حرقة أو امتلاء وانتفاخًا وغثيانًا وتجشؤًا، غالبًا بعد الأكل أو الشرب.,2026-09-20,NHS: https://www.nhs.uk/conditions/indigestion/; Mayo Clinic: https://www.mayoclinic.org/diseases-conditions/indigestion/symptoms-causes/syc-20352211; NIDDK (NIH): https://www.niddk.nih.gov/health-information/digestive-diseases/indigestion-dyspepsia/symptoms-causes,,
dry_mouth,symptom,جفاف الفم,جفاف الفم شائع وقد يرتبط بالجفاف أو أدوية أو التنفس من الفم أو القلق.,2026-09-20,NHS: https://www.nhs.uk/symptoms/dry-mouth/; Mayo Clinic: https://www.mayoclinic.org/diseases-conditions/dry-mouth/symptoms-causes/syc-20356048; NIDCR (NIH): https://www.nidcr.nih.gov/health-info/dry-mouth,,
nosebleed,symptom,نزيف الأنف,الرعاف شائع وغالبًا بسيط، وقد يحدث مع جفاف أو تهيج أو إصابة بسيطة.,2026-09-20,NHS: https://www.nhs.uk/conditions/nosebleed/; Mayo Clinic: https://www.mayoclinic.org/symptoms/nosebleeds/basics/when-to-see-doctor/sym-20050914,,
breast_pain,symptom,ألم الثدي,ألم الثدي شائع وغالبًا يرتبط بالدورة، لكنه قد يرتبط بإصابة أو دواء أو أسباب أخرى.,2026-09-20,NHS: https://www.nhs.uk/symptoms/breast-pain/; Cleveland Clinic: https://health.clevelandclinic.org/when-to-worry-about-breast-pain,,
simple_sore_throat,symptom,ألم الحلق,ألم الحلق شائع وغالبًا يتحسن خلال نحو أسبوع، وعادة يرتبط بعدوى فيروسية أو تهيج.,2026-09-20,NHS: https://www.nhs.uk/symptoms/sore-throat/; Mayo Clinic: https://www.mayoclinic.org/diseases-conditions/sore-throat/symptoms-causes/syc-20351635,,
earwax_build_up,symptom,تراكم شمع الأذن,قد يسبب الشمع المتراكم انسدادًا أو نقصًا في السمع أو طنينًا وأحيانًا دوخة.,2026-09-21,National Health Service: https://www.nhs.uk/conditions/earwax-build-up/; Mayo Clinic: https://www.mayoclinic.org/diseases-conditions/earwax-blockage/symptoms-causes/syc-20353004,,
floaters_flashes,symptom,عوامات وومضات العين,قد تظهر نقاط أو خيوط عائمة أو ومضات في الرؤية. بعضها شائع، لكن البداية المفاجئة تحتاج تقييمًا للعين.,2026-09-21,National Health Service: https://www.nhs.uk/symptoms/floaters-and-flashes-in-the-eyes/; Mayo Clinic: https://www.mayoclinic.org/diseases-conditions/eye-floaters/symptoms-causes/syc-20372346,,
hiccups,symptom,الحازوقة,الحازوقة شائعة وغالبًا تختفي خلال دقائق دون علاج.,2026-09-21,National Health Service: https://www.nhs.uk/symptoms/hiccups/; Mayo Clinic: https://www.mayoclinic.org/diseases-conditions/hiccups/symptoms-causes/syc-20352613,,
bad_breath,symptom,رائحة الفم,رائحة الفم شائعة وغالبًا ترتبط بصحة الفم والأسنان أو جفاف الفم.,2026-09-21,National Health Service: https://www.nhs.uk/symptoms/bad-breath/; Mayo Clinic: https://www.mayoclinic.org/diseases-conditions/bad-breath/symptoms-causes/syc-20350922,,
oral_thrush,symptom,فطريات الفم,قد تسبب بقعًا بيضاء مع احمرار أو ألم داخل الفم وتغيرًا في الطعم.,2026-09-21,National Health Service: https://www.nhs.uk/conditions/oral-thrush-mouth-thrush/; Mayo Clinic: https://www.mayoclinic.org/diseases-conditions/oral-thrush/symptoms-causes/syc-20353533,,
urinary_incontinence,symptom,تسرّب البول أو سلس البول,تسرّب البول شائع وله أنماط وأسباب متعددة، مثل التسرب مع الكحة أو الضحك أو الحاجة المفاجئة الشديدة للتبول.,2026-10-01,National Health Service: https://www.nhs.uk/conditions/urinary-incontinence/symptoms/; Mayo Clinic: https://www.mayoclinic.org/diseases-conditions/urinary-incontinence/symptoms-causes/syc-20352808,,
perimenopause,symptom,أعراض ما قبل/حول انقطاع الدورة,قد تشمل تغير الدورة، هبات ساخنة، تعرقًا ليليًا، واضطرابات النوم أو المزاج، مع وجود أسباب أخرى ممكنة.,2026-09-21,National Health Service: https://www.nhs.uk/conditions/menopause-and-perimenopause/symptoms/; Mayo Clinic: https://www.mayoclinic.org/diseases-conditions/perimenopause/symptoms-causes/syc-20354666,,
leg_cramps,symptom,تشنجات الساق,ألم مفاجئ بسبب تقلص العضلة، وغالبًا يستمر ثواني أو دقائق وقد يحدث ليلًا.,2026-09-21,National Health Service: https://www.nhs.uk/conditions/leg-cramps/; Mayo Clinic: https://www.mayoclinic.org/diseases-conditions/muscle-cramp/symptoms-causes/syc-20350820,,
varicose_veins,symptom,دوالي الساقين,أوردة متوسعة وملتوية تحت الجلد، وغالبًا تظهر بالساق وقد تسبب وجعًا أو ثقلًا أو حكة أو تورمًا.,2026-09-21,National Health Service: https://www.nhs.uk/conditions/varicose-veins/; Mayo Clinic: https://www.mayoclinic.org/diseases-conditions/varicose-veins/symptoms-causes/syc-20350643,,
raynauds,symptom,نمط رينو,قد تتحول أصابع اليدين أو القدمين إلى لون شاحب أو أزرق مع البرد/التوتر وتصبح باردة أو مخدرة.,2026-09-21,National Health Service: https://www.nhs.uk/conditions/raynauds/; Mayo Clinic: https://www.mayoclinic.org/diseases-conditions/raynauds-disease/symptoms-causes/syc-20363571,,
tooth_decay,symptom,تسوس الأسنان,قد يبدأ دون أعراض ثم يسبب حساسية أو ألمًا أو حفرة/بقعة في السن.,2026-09-21,National Institute of Dental and Craniofacial Research: https://www.nidcr.nih.gov/health-info/tooth-decay; Mayo Clinic: https://www.mayoclinic.org/diseases-conditions/cavities/symptoms-causes/syc-20352892,,
bruxism,symptom,صرير أو ضغط الأسنان,قد يحدث أثناء النوم أو اليقظة ويسبب تعب الفك أو صداعًا أو تآكلًا بالأسنان.,2026-09-21,National Institute of Dental and Craniofacial Research: https://www.nidcr.nih.gov/health-info/bruxism; Mayo Clinic: https://www.mayoclinic.org/diseases-conditions/bruxism/symptoms-causes/syc-20356095,,
burning_mouth,symptom,حرقة الفم أو اللسان,الحرقة المستمرة قد تكون لها أسباب عصبية أو فموية أو طبية متعددة ولا تُحسم من العرض وحده.,2026-09-21,National Institute of Dental and Craniofacial Research: https://www.nidcr.nih.gov/health-info/burning-mouth; Mayo Clinic: https://www.mayoclinic.org/diseases-conditions/burning-mouth-syndrome/symptoms-causes/syc-20350911,,
salivary_gland_swelling,symptom,تورم الغدد اللعابية مع الأكل,تورم أو ألم تحت الفك أو قرب الأذن يزداد مع الوجبات قد يرتبط بانسداد قناة لعابية أو اضطراب بالغدة.,2026-09-21,National Institute of Dental and Craniofacial Research: https://www.nidcr.nih.gov/health-info/saliva-salivary-gland-disorders; Cleveland Clinic: https://my.clevelandclinic.org/health/diseases/15749-sialadenitis-swollen-salivary-gland; Johns Hopkins Medicine: https://www.hopkinsmedicine.org/health/conditions-and-diseases/salivary-gland-infection-sialadenitis,,
heat_rash,symptom,الطفح الحراري,حبوب صغيرة مع حكة أو إحساس لاذع قد تظهر مع الحر والتعرق.,2026-09-21,National Health Service: https://www.nhs.uk/conditions/heat-rash-prickly-heat/; Mayo Clinic: https://www.mayoclinic.org/diseases-conditions/heat-rash/symptoms-causes/syc-20373276,,
sunburn,symptom,حرق الشمس,قد يسبب احمرارًا وألمًا بالجلد بعد التعرض للأشعة فوق البنفسجية، وقد تظهر فقاعات إذا كان أشد.,2026-09-21,National Health Service: https://www.nhs.uk/conditions/sunburn/; Mayo Clinic: https://www.mayoclinic.org/diseases-conditions/sunburn/symptoms-causes/syc-20355922,,
insect_bites,symptom,قرصات ولسعات الحشرات,غالبًا تسبب حبة أو تورمًا موضعيًا مع حكة أو ألم بسيط.,2026-09-21,National Health Service: https://www.nhs.uk/conditions/insect-bites-and-stings/; Mayo Clinic: https://www.mayoclinic.org/first-aid/first-aid-insect-bites/basics/art-20056593,,
boils,symptom,الدمامل,الدمل كتلة جلدية مؤلمة مملوءة بالقيح نتيجة عدوى حول بصيلة شعر غالبًا.,2026-09-21,National Health Service: https://www.nhs.uk/conditions/boils/; Mayo Clinic: https://www.mayoclinic.org/diseases-conditions/boils-and-carbuncles/symptoms-causes/syc-20353770,,
chilblains,symptom,تورمات البرد (الشرث),قد تظهر بقع حاكة أو مؤلمة ومتورمة على الأصابع بعد التعرض للبرد.,2026-09-21,National Health Service: https://www.nhs.uk/conditions/chilblains/; Mayo Clinic: https://www.mayoclinic.org/diseases-conditions/chilblains/symptoms-causes/syc-20351097,,
catarrh,symptom,المخاط خلف الأنف والاحتقان,قد يسبب إحساسًا بمخاط عالق أو نازل خلف الحلق مع انسداد الأنف والتنحنح.,2026-09-21,National Health Service: https://www.nhs.uk/conditions/catarrh/; Cleveland Clinic: https://my.clevelandclinic.org/health/symptoms/23082-postnasal-drip,,
hyperhidrosis,symptom,التعرق المفرط,هو التعرق أكثر مما يحتاجه الجسم للتبريد وقد يصيب مناطق محددة أو الجسم بشكل أوسع.,2026-09-21,National Health Service: https://www.nhs.uk/conditions/excessive-sweating-hyperhidrosis/; Mayo Clinic: https://www.mayoclinic.org/diseases-conditions/hyperhidrosis/symptoms-causes/syc-20367152,,
frozen_shoulder,symptom,الكتف المتجمد,يسبب ألمًا وتيبسًا تدريجيًا مع محدودية واضحة في حركة الكتف.,2026-09-21,National Health Service: https://www.nhs.uk/conditions/frozen-shoulder/; Mayo Clinic: https://www.mayoclinic.org/diseases-conditions/frozen-shoulder/symptoms-causes/syc-20372684,,
repetitive_strain_injury,symptom,إصابة الإجهاد المتكرر,قد يظهر ألم أو تيبس أو وخز مرتبط بحركات متكررة في الدراسة أو العمل.,2026-09-21,National Health Service: https://www.nhs.uk/conditions/repetitive-strain-injury-rsi/; Cleveland Clinic: https://my.clevelandclinic.org/health/diseases/17424-repetitive-strain-injury,,
shin_splints,symptom,ألم قصبة الساق مع الرياضة,ألم على طول القصبة بعد الجري أو زيادة التمرين قد يتوافق مع shin splints.,2026-09-21,National Health Service: https://www.nhs.uk/conditions/shin-splints/; Mayo Clinic: https://www.mayoclinic.org/diseases-conditions/shin-splints/symptoms-causes/syc-20354105,,
missed_period,symptom,تأخر أو غياب الدورة,تأخر الدورة شائع وله أسباب كثيرة، ولا يعني سببًا واحدًا بعينه.,2026-09-21,National Health Service: https://www.nhs.uk/symptoms/missed-or-late-periods/; Mayo Clinic: https://www.mayoclinic.org/diseases-conditions/amenorrhea/symptoms-causes/syc-20369299,,
vaginal_dryness,symptom,الجفاف المهبلي,قد يسبب انزعاجًا أو حكة أو ألمًا أثناء العلاقة وله أسباب هرمونية ودوائية وموضعية متعددة.,2026-09-21,National Health Service: https://www.nhs.uk/symptoms/vaginal-dryness/; Mayo Clinic: https://www.mayoclinic.org/symptoms/vaginal-dryness/basics/causes/sym-20151520,,
cold_intolerance,symptom,الحساسية للبرد,الشعور بالبرد أكثر من المعتاد عرض غير نوعي وقد يظهر مع عوامل بيئية أو حالات صحية متعددة، ومنها قصور الغدة الدرقية.,2026-10-01,Saudi Ministry of Health: https://www.moh.gov.sa/healthawareness/educationalcontent/diseases/endocrinology/pages/004.aspx; MedlinePlus (U.S. National Library of Medicine): https://medlineplus.gov/ency/article/003095.htm,,
heat_intolerance,symptom,الحساسية للحرارة,عدم تحمل الحرارة قد يرتبط بالطقس والجفاف والأدوية أو حالات مثل فرط نشاط الغدة الدرقية، ولا يحدد السبب وحده.,2026-10-01,Saudi Ministry of Health: https://www.moh.gov.sa/healthawareness/educationalcontent/diseases/endocrinology/pages/006.aspx; MedlinePlus (U.S. National Library of Medicine): https://medlineplus.gov/ency/article/003094.htm,,
orthopnea,symptom,ضيق التنفس عند الاستلقاء,صعوبة التنفس التي تزيد عند الاستلقاء تستحق تقييمًا طبيًا لأنها قد ترتبط بحالات قلبية أو رئوية أو أسباب أخرى.,2026-10-01,American Heart Association: https://www.heart.org/en/health-topics/heart-failure/warning-signs-of-heart-failure; Cleveland Clinic: https://my.clevelandclinic.org/health/symptoms/orthopnea,,
ankle_swelling,symptom,تورم الكاحلين أو الساقين,تورم الكاحلين أو الساقين قد ينتج عن الوقوف الطويل أو الأوردة أو الأدوية أو احتباس السوائل لأسباب قلبية أو كلوية وغيرها.,2026-10-01,American Heart Association: https://www.heart.org/en/health-topics/heart-failure/warning-signs-of-heart-failure; Mayo Clinic: https://www.mayoclinic.org/diseases-conditions/edema/symptoms-causes/syc-20366493; Cleveland Clinic: https://my.clevelandclinic.org/health/symptoms/12564-edema,,
foamy_urine,symptom,البول الرغوي,الرغوة قد تكون عابرة، لكن استمرارها قد يستدعي فحص البول ووظائف الكلى لأن البروتين في البول أحد الاحتمالات.,2026-10-01,National Institute of Diabetes and Digestive and Kidney Diseases: https://www.niddk.nih.gov/health-information/kidney-disease/chronic-kidney-disease-ckd/what-is-chronic-kidney-disease; Mayo Clinic: https://www.mayoclinic.org/healthy-lifestyle/adult-health/expert-answers/foamy-urine/faq-20057871; Cleveland Clinic: https://my.clevelandclinic.org/health/symptoms/foamy-urine,,
nighttime_urination,symptom,التبول المتكرر ليلًا,الاستيقاظ المتكرر للتبول قد يرتبط بكمية السوائل أو أدوية أو مشكلات بولية أو اضطرابات نوم أو حالات صحية أخرى.,2026-10-01,National Institute of Diabetes and Digestive and Kidney Diseases: https://www.niddk.nih.gov/health-information/kidney-disease/chronic-kidney-disease-ckd/what-is-chronic-kidney-disease; Cleveland Clinic: https://my.clevelandclinic.org/health/diseases/14510-nocturia; Mayo Clinic: https://www.mayoclinic.org/symptoms/frequent-urination/basics/definition/sym-20050712,,
pica,symptom,اشتهاء الثلج أو أشياء غير غذائية,اشتهاء أشياء غير غذائية مثل الثلج أو التراب يسمى بيكا، وقد يرتبط أحيانًا بنقص الحديد لكنه لا يكفي للتشخيص.,2026-10-01,Saudi Ministry of Health: https://www.moh.gov.sa/healthawareness/educationalcontent/diseases/hematology/pages/0010.aspx; MedlinePlus (U.S. National Library of Medicine): https://medlineplus.gov/ency/article/001538.htm; Cleveland Clinic: https://my.clevelandclinic.org/health/diseases/22944-pica,,
wheezing,symptom,صفير أو أزيز أثناء التنفس,الصفير صوت عالي النبرة أثناء التنفس وقد يظهر مع تضيق أو تهيج مجرى الهواء. لا يحدد السبب وحده، وقد يرتبط بالربو أو التهاب الشعب أو الحساسية أو أسباب تنفسية أخرى.,2026-10-01,U.S. National Library of Medicine: https://medlineplus.gov/ency/article/003070.htm; Mayo Clinic: https://www.mayoclinic.org/symptoms/wheezing/basics/causes/sym-20050764,,
night_sweats,symptom,التعرق الليلي,التعرق أثناء النوم قد يحدث بسبب حرارة الغرفة أو عوامل مؤقتة، لكن التعرق الغزير المتكرر قد تكون له أسباب طبية متعددة.,2026-10-01,National Health Service: https://www.nhs.uk/symptoms/night-sweats/; Mayo Clinic: https://www.mayoclinic.org/symptoms/night-sweats/basics/causes/sym-20050768,,
dysphagia,symptom,صعوبة البلع,صعوبة بلع الطعام أو السوائل قد تكون مؤقتة أو تحتاج تقييمًا لمعرفة السبب، خاصة إذا تكررت أو شعر الشخص بأن الطعام يعلق.,2026-10-01,National Health Service: https://www.nhs.uk/symptoms/swallowing-problems-dysphagia/; Mayo Clinic: https://www.mayoclinic.org/diseases-conditions/dysphagia/symptoms-causes/syc-20372028,,
anxiety,symptom,القلق,القلق شعور بالتوتر أو الخوف يصعب التحكم فيه، وقد يصاحبه خفقان وتوتر عضلي ودوخة واضطراب في النوم وتعب. الشعور بالقلق أحيانًا طبيعي.,2026-09-17,NHS: https://www.nhs.uk/mental-health/conditions/generalised-anxiety-disorder/overview/; NIMH (NIH): https://www.nimh.nih.gov/health/topics/anxiety-disorders,,
rash,symptom,الطفح الجلدي,الطفح الجلدي منطقة من الجلد متهيجة أو متورمة، وقد تكون حمراء أو حاكّة أو مؤلمة، وقد تظهر فيها بثور.,2026-09-17,MedlinePlus: https://medlineplus.gov/rashes.html; Cleveland Clinic: https://my.clevelandclinic.org/health/articles/rashes,,
joint_pain,symptom,ألم المفاصل,ألم المفاصل شائع، خصوصًا مع التقدم في العمر، وقد يصيب مفصلًا واحدًا أو عدة مفاصل.,2026-09-17,NHS: https://www.nhs.uk/conditions/joint-pain/; Mayo Clinic: https://www.mayoclinic.org/symptoms/joint-pain/basics/causes/sym-20050668,,
common_cold,symptom,الزكام ونزلة البرد,نزلة البرد عدوى فيروسية شائعة تسبب سيلان الأنف أو انسداده وعطاسًا والتهاب حلق وسعالًا وتعبًا، وتظهر تدريجيًا وتستمر عادة من أسبوع إلى أسبوعين.,2026-09-17,NHS: https://www.nhs.uk/conditions/common-cold/; Mayo Clinic: https://www.mayoclinic.org/diseases-conditions/common-cold/symptoms-causes/syc-20351605,,
weight_loss,symptom,نقص الوزن غير المقصود,هو نزول الوزن دون تغيير مقصود في الأكل أو النشاط، وقد يرتبط بالتوتر أو بحالات طبية تحتاج تقييمًا.,2026-09-17,NHS: https://www.nhs.uk/conditions/unintentional-weight-loss/; Mayo Clinic: https://www.mayoclinic.org/symptoms/unexplained-weight-loss/basics/causes/sym-20050700,,
itching,symptom,حكة الجلد,الحكة إحساس يدفعك لحك الجلد، وقد تظهر مع طفح أو بدونه.,2026-09-17,NHS: https://www.nhs.uk/conditions/itching/; Mayo Clinic: https://www.mayoclinic.org/diseases-conditions/itchy-skin/symptoms-causes/syc-20355006,,
leg_swelling,symptom,تورم الساقين والقدمين,التورم (الوذمة) تجمع سوائل في الأنسجة، ويظهر غالبًا في القدمين والكاحلين والساقين.,2026-09-17,MedlinePlus: https://medlineplus.gov/edema.html; Mayo Clinic: https://www.mayoclinic.org/diseases-conditions/edema/symptoms-causes/syc-20366493; Cleveland Clinic: https://my.clevelandclinic.org/health/symptoms/12564-edema,,
