kind,context,range,level,decision (approve / edit / reject),clinician notes
glucose,random,20 – 53 mg/dL,emergency,,
glucose,random,54 – 69 mg/dL,attention,,
glucose,random,70 – 199 mg/dL,ok,,
glucose,random,200 – 300 mg/dL,attention,,
glucose,random,301 – 800 mg/dL,urgent,,
glucose,fasting,20 – 53 mg/dL,emergency,,
glucose,fasting,54 – 69 mg/dL,attention,,
glucose,fasting,70 – 125 mg/dL,ok,,
glucose,fasting,126 – 300 mg/dL,attention,,
glucose,fasting,301 – 800 mg/dL,urgent,,
glucose,after_meal,20 – 53 mg/dL,emergency,,
glucose,after_meal,54 – 69 mg/dL,attention,,
glucose,after_meal,70 – 199 mg/dL,ok,,
glucose,after_meal,200 – 300 mg/dL,attention,,
glucose,after_meal,301 – 800 mg/dL,urgent,,
temp,,33 – 34.9 °C,urgent,,
temp,,35 – 37.9 °C,ok,,
temp,,38 – 39.9 °C,attention,,
temp,,40 – 43 °C,urgent,,
pulse,,20 – 39 bpm,urgent,,
pulse,,40 – 49 bpm,attention,,
pulse,,50 – 100 bpm,ok,,
pulse,,101 – 130 bpm,attention,,
pulse,,131 – 250 bpm,urgent,,
spo2,,50 – 89 %,emergency,,
spo2,,90 – 94 %,urgent,,
spo2,,95 – 100 %,ok,,
"bp (systolic, diastolic=70)",,60 – 89 mmHg systolic,attention,,
"bp (systolic, diastolic=70)",,90 – 139 mmHg systolic,ok,,
"bp (systolic, diastolic=70)",,140 – 179 mmHg systolic,attention,,
"bp (systolic, diastolic=70)",,180 – 260 mmHg systolic,urgent,,
"bp (diastolic, systolic=110)",,30 – 59 mmHg diastolic,attention,,
"bp (diastolic, systolic=110)",,60 – 89 mmHg diastolic,ok,,
"bp (diastolic, systolic=110)",,90 – 119 mmHg diastolic,attention,,
"bp (diastolic, systolic=110)",,120 – 160 mmHg diastolic,urgent,,
